fold_id,model_id,model_name,formula,family,link,fit_method,n_train_fold_rows,n_train_used,n_train_feature_missing,n_validation_fold_rows,n_validation_available,n_parameters,design_matrix_rank,municipality_reference,n_municipality_levels,offset,offset_coefficient,population_exposure_min,population_exposure_max,population_year_lag_min,population_year_lag_max,train_target_end_max,validation_start,converged,iterations,warning_count,warning_messages,deviance,pearson_chi2
fold_01_validate_2017,model_s1_seasonality_offset,S1 seasonality with population exposure,target_lyme_cases_next_4w ~ 1 + seasonal_sin_annual + seasonal_cos_annual + offset(log(population)),Poisson,log,IRLS,10176,10176,0,10176,10176,3,3,,0,log(population),1,367,287218,1,1,2016-12-26,2017-01-02,true,6,0,[],14320.5046880155,18581.876035444
fold_01_validate_2017,model_s2_seasonality_municipality_offset,S2 seasonality and municipality fixed effects with population exposure,"target_lyme_cases_next_4w ~ 1 + seasonal_sin_annual + seasonal_cos_annual + C(municipality_code, Treatment(reference=001)) + offset(log(population))",Poisson,log,IRLS,10176,10176,0,10176,10176,214,214,001,212,log(population),1,367,287218,1,1,2016-12-26,2017-01-02,true,25,0,[],10141.7205349293,11252.723327721
fold_01_validate_2017,model_s3_seasonality_municipality_past_incidence_offset,"S3 seasonality, municipality fixed effects and past incidence with population exposure","target_lyme_cases_next_4w ~ 1 + seasonal_sin_annual + seasonal_cos_annual + C(municipality_code, Treatment(reference=001)) + past_4w_lyme_incidence_per_100000 + offset(log(population))",Poisson,log,IRLS,10176,10176,0,10176,10176,215,215,001,212,log(population),1,367,287218,1,1,2016-12-26,2017-01-02,true,25,0,[],10062.3190435255,11217.8743259963
fold_02_validate_2018,model_s1_seasonality_offset,S1 seasonality with population exposure,target_lyme_cases_next_4w ~ 1 + seasonal_sin_annual + seasonal_cos_annual + offset(log(population)),Poisson,log,IRLS,21200,21200,0,10388,10388,3,3,,0,log(population),1,367,288307,1,1,2017-12-25,2018-01-01,true,6,0,[],31417.5167891733,39801.7876055573
fold_02_validate_2018,model_s2_seasonality_municipality_offset,S2 seasonality and municipality fixed effects with population exposure,"target_lyme_cases_next_4w ~ 1 + seasonal_sin_annual + seasonal_cos_annual + C(municipality_code, Treatment(reference=001)) + offset(log(population))",Poisson,log,IRLS,21200,21200,0,10388,10388,214,214,001,212,log(population),1,367,288307,1,1,2017-12-25,2018-01-01,true,25,0,[],23781.5967143346,26096.7264146883
fold_02_validate_2018,model_s3_seasonality_municipality_past_incidence_offset,"S3 seasonality, municipality fixed effects and past incidence with population exposure","target_lyme_cases_next_4w ~ 1 + seasonal_sin_annual + seasonal_cos_annual + C(municipality_code, Treatment(reference=001)) + past_4w_lyme_incidence_per_100000 + offset(log(population))",Poisson,log,IRLS,21200,21200,0,10388,10388,215,215,001,212,log(population),1,367,288307,1,1,2017-12-25,2018-01-01,true,25,0,[],23756.1028467389,26121.3122682934
fold_03_validate_2019,model_s1_seasonality_offset,S1 seasonality with population exposure,target_lyme_cases_next_4w ~ 1 + seasonal_sin_annual + seasonal_cos_annual + offset(log(population)),Poisson,log,IRLS,32436,32436,0,10176,10176,3,3,,0,log(population),1,367,288919,1,1,2018-12-31,2019-01-07,true,6,0,[],58501.7945750846,76585.8561007228
fold_03_validate_2019,model_s2_seasonality_municipality_offset,S2 seasonality and municipality fixed effects with population exposure,"target_lyme_cases_next_4w ~ 1 + seasonal_sin_annual + seasonal_cos_annual + C(municipality_code, Treatment(reference=001)) + offset(log(population))",Poisson,log,IRLS,32436,32436,0,10176,10176,214,214,001,212,log(population),1,367,288919,1,1,2018-12-31,2019-01-07,true,8,0,[],44084.4285813138,49265.2853469613
fold_03_validate_2019,model_s3_seasonality_municipality_past_incidence_offset,"S3 seasonality, municipality fixed effects and past incidence with population exposure","target_lyme_cases_next_4w ~ 1 + seasonal_sin_annual + seasonal_cos_annual + C(municipality_code, Treatment(reference=001)) + past_4w_lyme_incidence_per_100000 + offset(log(population))",Poisson,log,IRLS,32436,32436,0,10176,10176,215,215,001,212,log(population),1,367,288919,1,1,2018-12-31,2019-01-07,true,8,0,[],43536.3334774042,48493.4958320644
fold_04_validate_2020,model_s1_seasonality_offset,S1 seasonality with population exposure,target_lyme_cases_next_4w ~ 1 + seasonal_sin_annual + seasonal_cos_annual + offset(log(population)),Poisson,log,IRLS,43460,43460,0,10176,10176,3,3,,0,log(population),1,362,289518,1,1,2019-12-30,2020-01-06,true,6,0,[],76537.7582204431,100906.129506358
fold_04_validate_2020,model_s2_seasonality_municipality_offset,S2 seasonality and municipality fixed effects with population exposure,"target_lyme_cases_next_4w ~ 1 + seasonal_sin_annual + seasonal_cos_annual + C(municipality_code, Treatment(reference=001)) + offset(log(population))",Poisson,log,IRLS,43460,43460,0,10176,10176,214,214,001,212,log(population),1,362,289518,1,1,2019-12-30,2020-01-06,true,7,0,[],58329.4494960701,65509.0519245182
fold_04_validate_2020,model_s3_seasonality_municipality_past_incidence_offset,"S3 seasonality, municipality fixed effects and past incidence with population exposure","target_lyme_cases_next_4w ~ 1 + seasonal_sin_annual + seasonal_cos_annual + C(municipality_code, Treatment(reference=001)) + past_4w_lyme_incidence_per_100000 + offset(log(population))",Poisson,log,IRLS,43460,43460,0,10176,10176,215,215,001,212,log(population),1,362,289518,1,1,2019-12-30,2020-01-06,true,7,0,[],57324.9791285972,64204.1376946523
fold_05_validate_2021,model_s1_seasonality_offset,S1 seasonality with population exposure,target_lyme_cases_next_4w ~ 1 + seasonal_sin_annual + seasonal_cos_annual + offset(log(population)),Poisson,log,IRLS,54484,54484,0,10176,10176,3,3,,0,log(population),1,354,292988,1,1,2020-12-28,2021-01-04,true,6,0,[],104279.098849364,140720.097242624
fold_05_validate_2021,model_s2_seasonality_municipality_offset,S2 seasonality and municipality fixed effects with population exposure,"target_lyme_cases_next_4w ~ 1 + seasonal_sin_annual + seasonal_cos_annual + C(municipality_code, Treatment(reference=001)) + offset(log(population))",Poisson,log,IRLS,54484,54484,0,10176,10176,214,214,001,212,log(population),1,354,292988,1,1,2020-12-28,2021-01-04,true,7,0,[],77212.2611546929,87358.4582603075
fold_05_validate_2021,model_s3_seasonality_municipality_past_incidence_offset,"S3 seasonality, municipality fixed effects and past incidence with population exposure","target_lyme_cases_next_4w ~ 1 + seasonal_sin_annual + seasonal_cos_annual + C(municipality_code, Treatment(reference=001)) + past_4w_lyme_incidence_per_100000 + offset(log(population))",Poisson,log,IRLS,54484,54484,0,10176,10176,215,215,001,212,log(population),1,354,292988,1,1,2020-12-28,2021-01-04,true,7,0,[],75151.3890277044,84924.1333271661
fold_06_validate_2022,model_s1_seasonality_offset,S1 seasonality with population exposure,target_lyme_cases_next_4w ~ 1 + seasonal_sin_annual + seasonal_cos_annual + offset(log(population)),Poisson,log,IRLS,65508,65508,0,10176,10176,3,3,,0,log(population),1,353,295504,1,1,2021-12-27,2022-01-03,true,6,0,[],126278.977582262,172574.105496812
fold_06_validate_2022,model_s2_seasonality_municipality_offset,S2 seasonality and municipality fixed effects with population exposure,"target_lyme_cases_next_4w ~ 1 + seasonal_sin_annual + seasonal_cos_annual + C(municipality_code, Treatment(reference=001)) + offset(log(population))",Poisson,log,IRLS,65508,65508,0,10176,10176,214,214,001,212,log(population),1,353,295504,1,1,2021-12-27,2022-01-03,true,8,0,[],95306.0343475266,108608.192123831
fold_06_validate_2022,model_s3_seasonality_municipality_past_incidence_offset,"S3 seasonality, municipality fixed effects and past incidence with population exposure","target_lyme_cases_next_4w ~ 1 + seasonal_sin_annual + seasonal_cos_annual + C(municipality_code, Treatment(reference=001)) + past_4w_lyme_incidence_per_100000 + offset(log(population))",Poisson,log,IRLS,65508,65508,0,10176,10176,215,215,001,212,log(population),1,353,295504,1,1,2021-12-27,2022-01-03,true,8,0,[],91873.7443330687,105196.786145382
fold_07_validate_2023,model_s1_seasonality_offset,S1 seasonality with population exposure,target_lyme_cases_next_4w ~ 1 + seasonal_sin_annual + seasonal_cos_annual + offset(log(population)),Poisson,log,IRLS,76532,76532,0,10176,10176,3,3,,0,log(population),1,327,295504,1,1,2022-12-26,2023-01-02,true,6,0,[],149641.250870216,205235.156151134
fold_07_validate_2023,model_s2_seasonality_municipality_offset,S2 seasonality and municipality fixed effects with population exposure,"target_lyme_cases_next_4w ~ 1 + seasonal_sin_annual + seasonal_cos_annual + C(municipality_code, Treatment(reference=001)) + offset(log(population))",Poisson,log,IRLS,76532,76532,0,10176,10176,214,214,001,212,log(population),1,327,295504,1,1,2022-12-26,2023-01-02,true,8,0,[],111442.21377469,128382.341955123
fold_07_validate_2023,model_s3_seasonality_municipality_past_incidence_offset,"S3 seasonality, municipality fixed effects and past incidence with population exposure","target_lyme_cases_next_4w ~ 1 + seasonal_sin_annual + seasonal_cos_annual + C(municipality_code, Treatment(reference=001)) + past_4w_lyme_incidence_per_100000 + offset(log(population))",Poisson,log,IRLS,76532,76532,0,10176,10176,215,215,001,212,log(population),1,327,295504,1,1,2022-12-26,2023-01-02,true,8,0,[],107418.903980831,124055.40020234
fold_08_validate_2024,model_s1_seasonality_offset,S1 seasonality with population exposure,target_lyme_cases_next_4w ~ 1 + seasonal_sin_annual + seasonal_cos_annual + offset(log(population)),Poisson,log,IRLS,87556,87556,0,10388,10388,3,3,,0,log(population),1,321,295504,1,1,2023-12-25,2024-01-01,true,6,0,[],169427.255775075,234104.669626174
fold_08_validate_2024,model_s2_seasonality_municipality_offset,S2 seasonality and municipality fixed effects with population exposure,"target_lyme_cases_next_4w ~ 1 + seasonal_sin_annual + seasonal_cos_annual + C(municipality_code, Treatment(reference=001)) + offset(log(population))",Poisson,log,IRLS,87556,87556,0,10388,10388,214,214,001,212,log(population),1,321,295504,1,1,2023-12-25,2024-01-01,true,8,0,[],128158.05920326,149992.634833349
fold_08_validate_2024,model_s3_seasonality_municipality_past_incidence_offset,"S3 seasonality, municipality fixed effects and past incidence with population exposure","target_lyme_cases_next_4w ~ 1 + seasonal_sin_annual + seasonal_cos_annual + C(municipality_code, Treatment(reference=001)) + past_4w_lyme_incidence_per_100000 + offset(log(population))",Poisson,log,IRLS,87556,87556,0,10388,10388,215,215,001,212,log(population),1,321,295504,1,1,2023-12-25,2024-01-01,true,9,0,[],122470.784167263,145052.6109436
