municipality_code,year,population
001,2008,18705
001,2009,18651
001,2010,18854
001,2011,18939
001,2012,18958
001,2013,18955
001,2014,18848
001,2015,18959
001,2016,19047
001,2017,19093
001,2018,19130
001,2019,19249
001,2020,19418
001,2021,19704
001,2022,19727
001,2023,19811
001,2024,19891
001,2025,19895
002,2008,8540
002,2009,8337
002,2010,8358
002,2011,8333
002,2012,8335
002,2013,8302
002,2014,8334
002,2015,8264
002,2016,8261
002,2017,8233
002,2018,8183
002,2019,8104
002,2020,8059
002,2021,8068
002,2022,8104
002,2023,8082
002,2024,8071
002,2025,8129
003,2008,8188
003,2009,8148
003,2010,8131
003,2011,8122
003,2012,8177
003,2013,8171
003,2014,8192
003,2015,8127
003,2016,8035
003,2017,7981
003,2018,7873
003,2019,7835
003,2020,7868
003,2021,8217
003,2022,8250
003,2023,8190
003,2024,8157
003,2025,8154
004,2008,5294
004,2009,5217
004,2010,5287
004,2011,5257
004,2012,5198
004,2013,5206
004,2014,5176
004,2015,5146
004,2016,5139
004,2017,5149
004,2018,5125
004,2019,5105
004,2020,5145
004,2021,5611
004,2022,5676
004,2023,5439
004,2024,5275
004,2025,5238
005,2008,3921
005,2009,3933
005,2010,3948
005,2011,3984
005,2012,3993
005,2013,3992
005,2014,4153
005,2015,4250
005,2016,4275
005,2017,4376
005,2018,4412
005,2019,4483
005,2020,4579
005,2021,4664
005,2022,4629
005,2023,4681
005,2024,4726
005,2025,4706
006,2008,3312
006,2009,3175
006,2010,3197
006,2011,3256
006,2012,3186
006,2013,3195
006,2014,3147
006,2015,3134
006,2016,3124
006,2017,3082
006,2018,3049
006,2019,3048
006,2020,3073
006,2021,3245
006,2022,3178
006,2023,3044
006,2024,3054
006,2025,3004
007,2008,5749
007,2009,5669
007,2010,5740
007,2011,5751
007,2012,5761
007,2013,5734
007,2014,5707
007,2015,5662
007,2016,5659
007,2017,5625
007,2018,5623
007,2019,5602
007,2020,5619
007,2021,5639
007,2022,5632
007,2023,5590
007,2024,5573
007,2025,5584
008,2008,10283
008,2009,10552
008,2010,10806
008,2011,11129
008,2012,11382
008,2013,11620
008,2014,11761
008,2015,11884
008,2016,11974
008,2017,12092
008,2018,12186
008,2019,12412
008,2020,12671
008,2021,12785
008,2022,12823
008,2023,12838
008,2024,13004
008,2025,13133
009,2008,24459
009,2009,24238
009,2010,24330
009,2011,24301
009,2012,24306
009,2013,24285
009,2014,24252
009,2015,24184
009,2016,24254
009,2017,24204
009,2018,24086
009,2019,24084
009,2020,24051
009,2021,24419
009,2022,24370
009,2023,24417
009,2024,24450
009,2025,24402
010,2008,4264
010,2009,4143
010,2010,4159
010,2011,4134
010,2012,4140
010,2013,4124
010,2014,4107
010,2015,4084
010,2016,4039
010,2017,4012
010,2018,3976
010,2019,3952
010,2020,3970
010,2021,3965
010,2022,3941
010,2023,3968
010,2024,3948
010,2025,3905
011,2008,49501
011,2009,48991
011,2010,48783
011,2011,48592
011,2012,48653
011,2013,48675
011,2014,48868
011,2015,48773
011,2016,49077
011,2017,49380
011,2018,49377
011,2019,49473
011,2020,49540
011,2021,49007
011,2022,48679
011,2023,48776
011,2024,49289
011,2025,49628
012,2008,6762
012,2009,6848
012,2010,7011
012,2011,7105
012,2012,7188
012,2013,7243
012,2014,7347
012,2015,7364
012,2016,7506
012,2017,7569
012,2018,7619
012,2019,7632
012,2020,7769
012,2021,7859
012,2022,7901
012,2023,7854
012,2024,7825
012,2025,7944
013,2008,11021
013,2009,11013
013,2010,11181
013,2011,11226
013,2012,11333
013,2013,11268
013,2014,11293
013,2015,11387
013,2016,11402
013,2017,11494
013,2018,11491
013,2019,11554
013,2020,11580
013,2021,11691
013,2022,11718
013,2023,11785
013,2024,11870
013,2025,11848
014,2008,5005
014,2009,4760
014,2010,4779
014,2011,4777
014,2012,4804
014,2013,4786
014,2014,4730
014,2015,4687
014,2016,4644
014,2017,4602
014,2018,4588
014,2019,4580
014,2020,4547
014,2021,4547
014,2022,4546
014,2023,4516
014,2024,4452
014,2025,4423
015,2008,4341
015,2009,4190
015,2010,4163
015,2011,4137
015,2012,4144
015,2013,4052
015,2014,4021
015,2015,4016
015,2016,4002
015,2017,3951
015,2018,3926
015,2019,3949
015,2020,3968
015,2021,3972
015,2022,3982
015,2023,3935
015,2024,3928
015,2025,3899
016,2008,3540
016,2009,3634
016,2010,3602
016,2011,3545
016,2012,3528
016,2013,3473
016,2014,3406
016,2015,3362
016,2016,3337
016,2017,3308
016,2018,3314
016,2019,3303
016,2020,3285
016,2021,3252
016,2022,3201
016,2023,3193
016,2024,3061
016,2025,3012
017,2008,14854
017,2009,14726
017,2010,14698
017,2011,14717
017,2012,14714
017,2013,14629
017,2014,14586
017,2015,14591
017,2016,14407
017,2017,14365
017,2018,14313
017,2019,14299
017,2020,14241
017,2021,14308
017,2022,14279
017,2023,14236
017,2024,14232
017,2025,14213
018,2008,2687
018,2009,2650
018,2010,2684
018,2011,2647
018,2012,2631
018,2013,2582
018,2014,2609
018,2015,2564
018,2016,2539
018,2017,2544
018,2018,2554
018,2019,2585
018,2020,2643
018,2021,2647
018,2022,2632
018,2023,2641
018,2024,2694
018,2025,2695
019,2008,3906
019,2009,3843
019,2010,3862
019,2011,3873
019,2012,3916
019,2013,3896
019,2014,3934
019,2015,3953
019,2016,3955
019,2017,4000
019,2018,4085
019,2019,4157
019,2020,4213
019,2021,4334
019,2022,4371
019,2023,4443
019,2024,4501
019,2025,4535
020,2008,3705
020,2009,3824
020,2010,3861
020,2011,3884
020,2012,3933
020,2013,3938
020,2014,3954
020,2015,3936
020,2016,3898
020,2017,3870
020,2018,3881
020,2019,3856
020,2020,3878
020,2021,3882
020,2022,3871
020,2023,3923
020,2024,3934
020,2025,3937
021,2008,7120
021,2009,7206
021,2010,7287
021,2011,7325
021,2012,7449
021,2013,7539
021,2014,7485
021,2015,7573
021,2016,7582
021,2017,7618
021,2018,7661
021,2019,7664
021,2020,7800
021,2021,7843
021,2022,7844
021,2023,7946
021,2024,8039
021,2025,8064
022,2008,5114
022,2009,5235
022,2010,5342
022,2011,5458
022,2012,5558
022,2013,5666
022,2014,5777
022,2015,5861
022,2016,5934
022,2017,5961
022,2018,6008
022,2019,6218
022,2020,6310
022,2021,6378
022,2022,6348
022,2023,6352
022,2024,6432
022,2025,6420
023,2008,32748
023,2009,33183
023,2010,33573
023,2011,33936
023,2012,34216
023,2013,34455
023,2014,34753
023,2015,35039
023,2016,35278
023,2017,35513
023,2018,35675
023,2019,36264
023,2020,36675
023,2021,36683
023,2022,36905
023,2023,37477
023,2024,37821
023,2025,38190
024,2008,2692
024,2009,2938
024,2010,2954
024,2011,2932
024,2012,2970
024,2013,2907
024,2014,2892
024,2015,2916
024,2016,2882
024,2017,2905
024,2018,2885
024,2019,2892
024,2020,2902
024,2021,2896
024,2022,2880
024,2023,2902
024,2024,2891
024,2025,2937
025,2008,8931
025,2009,9041
025,2010,9064
025,2011,9038
025,2012,9069
025,2013,8989
025,2014,8910
025,2015,8879
025,2016,8885
025,2017,8856
025,2018,8799
025,2019,8783
025,2020,8884
025,2021,8844
025,2022,8882
025,2023,8862
025,2024,8815
025,2025,8816
026,2008,6489
026,2009,6551
026,2010,6626
026,2011,6683
026,2012,6699
026,2013,6746
026,2014,6765
026,2015,6776
026,2016,6726
026,2017,6803
026,2018,6890
026,2019,6937
026,2020,6996
026,2021,6959
026,2022,7015
026,2023,7046
026,2024,6999
026,2025,7057
027,2008,7146
027,2009,7147
027,2010,7233
027,2011,7287
027,2012,7283
027,2013,7307
027,2014,7330
027,2015,7380
027,2016,7429
027,2017,7500
027,2018,7541
027,2019,7539
027,2020,7557
027,2021,7665
027,2022,7672
027,2023,7646
027,2024,7656
027,2025,7724
028,2008,3915
028,2009,3961
028,2010,3991
028,2011,4036
028,2012,4044
028,2013,4035
028,2014,4002
028,2015,3980
028,2016,3978
028,2017,3968
028,2018,4025
028,2019,4069
028,2020,4112
028,2021,4161
028,2022,4180
028,2023,4182
028,2024,4188
028,2025,4213
029,2008,8693
029,2009,8606
029,2010,8619
029,2011,8586
029,2012,8596
029,2013,8576
029,2014,8517
029,2015,8504
029,2016,8467
029,2017,8447
029,2018,8403
029,2019,8392
029,2020,8417
029,2021,8474
029,2022,8476
029,2023,8489
029,2024,8503
029,2025,8519
030,2008,2582
030,2009,2643
030,2010,2674
030,2011,2665
030,2012,2663
030,2013,2650
030,2014,2628
030,2015,2573
030,2016,2547
030,2017,2547
030,2018,2543
030,2019,2511
030,2020,2476
030,2021,2480
030,2022,2552
030,2023,2559
030,2024,2595
030,2025,2549
031,2008,2276
031,2009,2193
031,2010,2193
031,2011,2170
031,2012,2146
031,2013,2136
031,2014,2100
031,2015,2078
031,2016,2057
031,2017,2058
031,2018,2013
031,2019,1985
031,2020,1995
031,2021,2040
031,2022,2010
031,2023,1982
031,2024,2002
031,2025,1964
032,2008,18085
032,2009,18634
032,2010,18965
032,2011,19204
032,2012,19521
032,2013,19719
032,2014,19842
032,2015,19977
032,2016,20059
032,2017,20284
032,2018,20672
032,2019,21013
032,2020,21314
032,2021,21398
032,2022,21333
032,2023,21587
032,2024,21870
032,2025,22050
033,2008,1660
033,2009,1602
033,2010,1590
033,2011,1568
033,2012,1536
033,2013,1521
033,2014,1493
033,2015,1459
033,2016,1437
033,2017,1430
033,2018,1411
033,2019,1392
033,2020,1380
033,2021,1388
033,2022,1372
033,2023,1369
033,2024,1334
033,2025,1343
034,2008,10298
034,2009,10107
034,2010,10144
034,2011,9984
034,2012,9895
034,2013,9713
034,2014,9580
034,2015,9440
034,2016,9316
034,2017,9269
034,2018,9188
034,2019,9154
034,2020,9113
034,2021,9058
034,2022,8963
034,2023,8967
034,2024,8939
034,2025,8820
035,2008,4127
035,2009,4126
035,2010,4197
035,2011,4194
035,2012,4253
035,2013,4303
035,2014,4260
035,2015,4325
035,2016,4366
035,2017,4371
035,2018,4402
035,2019,4467
035,2020,4604
035,2021,4851
035,2022,4970
035,2023,5131
035,2024,5181
035,2025,5356
036,2008,11989
036,2009,11865
036,2010,11889
036,2011,11871
036,2012,11955
036,2013,11938
036,2014,11943
036,2015,11926
036,2016,11927
036,2017,11800
036,2018,11757
036,2019,11748
036,2020,11811
036,2021,11735
036,2022,11729
036,2023,11757
036,2024,11706
036,2025,11673
037,2008,6098
037,2009,6442
037,2010,6631
037,2011,6781
037,2012,6865
037,2013,7016
037,2014,7046
037,2015,7135
037,2016,7163
037,2017,7277
037,2018,7366
037,2019,7463
037,2020,7617
037,2021,7656
037,2022,7695
037,2023,7718
037,2024,7793
037,2025,7926
038,2008,14110
038,2009,13908
038,2010,13947
038,2011,13911
038,2012,13899
038,2013,13866
038,2014,13806
038,2015,13719
038,2016,13594
038,2017,13482
038,2018,13329
038,2019,13340
038,2020,13297
038,2021,13379
038,2022,13399
038,2023,13362
038,2024,13313
038,2025,13255
039,2008,14692
039,2009,15008
039,2010,15225
039,2011,15440
039,2012,15706
039,2013,15810
039,2014,15963
039,2015,16141
039,2016,16182
039,2017,16361
039,2018,16544
039,2019,16793
039,2020,17008
039,2021,17538
039,2022,17599
039,2023,17738
039,2024,18114
039,2025,18267
040,2008,15645
040,2009,15946
040,2010,16000
040,2011,15848
040,2012,15933
040,2013,15952
040,2014,15833
040,2015,15867
040,2016,15962
040,2017,16015
040,2018,16015
040,2019,16322
040,2020,16486
040,2021,16737
040,2022,16647
040,2023,16564
040,2024,16479
040,2025,16500
041,2008,21882
041,2009,21828
041,2010,21688
041,2011,21645
041,2012,21511
041,2013,21374
041,2014,21257
041,2015,21042
041,2016,20858
041,2017,20754
041,2018,20759
041,2019,20991
041,2020,21340
041,2021,21679
041,2022,21758
041,2023,21883
041,2024,21944
041,2025,21895
042,2008,2358
042,2009,2320
042,2010,2345
042,2011,2354
042,2012,2359
042,2013,2388
042,2014,2391
042,2015,2364
042,2016,2356
042,2017,2375
042,2018,2375
042,2019,2362
042,2020,2380
042,2021,2421
042,2022,2501
042,2023,2481
042,2024,2458
042,2025,2478
043,2008,28266
043,2009,28677
043,2010,28947
043,2011,29073
043,2012,29102
043,2013,29244
043,2014,29385
043,2015,29431
043,2016,29362
043,2017,29416
043,2018,29487
043,2019,29686
043,2020,29925
043,2021,29989
043,2022,29793
043,2023,29979
043,2024,30020
043,2025,29885
044,2008,6007
044,2009,5871
044,2010,5772
044,2011,5748
044,2012,5683
044,2013,5644
044,2014,5557
044,2015,5502
044,2016,5431
044,2017,5342
044,2018,5311
044,2019,5301
044,2020,5291
044,2021,5289
044,2022,5245
044,2023,5213
044,2024,5106
044,2025,5099
045,2008,6729
045,2009,6619
045,2010,6688
045,2011,6645
045,2012,6652
045,2013,6627
045,2014,6595
045,2015,6515
045,2016,6449
045,2017,6417
045,2018,6450
045,2019,6495
045,2020,6541
045,2021,6539
045,2022,6547
045,2023,6586
045,2024,6594
045,2025,6673
046,2008,4409
046,2009,4208
046,2010,4197
046,2011,4197
046,2012,4179
046,2013,4189
046,2014,4162
046,2015,4135
046,2016,4121
046,2017,4105
046,2018,4104
046,2019,4079
046,2020,4052
046,2021,4032
046,2022,4044
046,2023,4046
046,2024,4045
046,2025,4026
047,2008,626
047,2009,612
047,2010,608
047,2011,618
047,2012,621
047,2013,590
047,2014,586
047,2015,591
047,2016,574
047,2017,560
047,2018,559
047,2019,542
047,2020,542
047,2021,540
047,2022,532
047,2023,512
047,2024,511
047,2025,507
048,2008,16895
048,2009,16627
048,2010,16558
048,2011,16511
048,2012,16505
048,2013,16379
048,2014,16184
048,2015,16075
048,2016,16005
048,2017,15881
048,2018,15771
048,2019,15686
048,2020,15674
048,2021,15644
048,2022,15623
048,2023,15674
048,2024,15661
048,2025,15555
049,2008,3547
049,2009,3489
049,2010,3518
049,2011,3534
049,2012,3559
049,2013,3545
049,2014,3556
049,2015,3560
049,2016,3518
049,2017,3523
049,2018,3537
049,2019,3534
049,2020,3529
049,2021,3655
049,2022,3634
049,2023,3578
049,2024,3509
049,2025,3518
050,2008,50708
050,2009,51354
050,2010,52212
050,2011,52700
050,2012,53037
050,2013,53322
050,2014,54421
050,2015,50902
050,2016,51045
050,2017,51361
050,2018,51794
050,2019,52234
050,2020,52630
050,2021,53292
050,2022,53462
050,2023,53875
050,2024,54252
050,2025,54430
051,2008,3349
051,2009,3245
051,2010,3246
051,2011,3242
051,2012,3216
051,2013,3177
051,2014,3114
051,2015,3095
051,2016,3092
051,2017,3077
051,2018,3054
051,2019,3037
051,2020,2989
051,2021,3030
051,2022,3029
051,2023,3010
051,2024,2993
051,2025,3002
052,2008,53872
052,2009,54188
052,2010,54781
052,2011,55029
052,2012,55451
052,2013,55527
052,2014,55623
052,2015,55857
052,2016,56115
052,2017,56081
052,2018,55950
052,2019,56267
052,2020,57065
052,2021,57185
052,2022,56639
052,2023,57171
052,2024,57138
052,2025,57384
053,2008,5437
053,2009,5309
053,2010,5291
053,2011,5302
053,2012,5342
053,2013,5324
053,2014,5347
053,2015,5305
053,2016,5294
053,2017,5286
053,2018,5212
053,2019,5201
053,2020,5225
053,2021,7522
053,2022,7689
053,2023,5878
053,2024,5247
053,2025,5214
054,2008,25933
054,2009,25600
054,2010,25795
054,2011,25867
054,2012,25886
054,2013,26050
054,2014,25893
054,2015,25835
054,2016,25884
054,2017,25853
054,2018,25833
054,2019,25996
054,2020,26224
054,2021,25904
054,2022,25833
054,2023,25982
054,2024,26019
054,2025,26175
055,2008,4709
055,2009,4713
055,2010,4696
055,2011,4786
055,2012,4802
055,2013,4787
055,2014,4794
055,2015,4804
055,2016,4761
055,2017,4788
055,2018,4762
055,2019,4705
055,2020,4724
055,2021,4844
055,2022,4916
055,2023,4950
055,2024,5032
055,2025,5072
056,2008,1610
056,2009,1571
056,2010,1615
056,2011,1562
056,2012,1604
056,2013,1584
056,2014,1584
056,2015,1603
056,2016,1582
056,2017,1577
056,2018,1555
056,2019,1573
056,2020,1573
056,2021,1624
056,2022,1654
056,2023,1636
056,2024,1625
056,2025,1630
057,2008,13848
057,2009,13701
057,2010,13675
057,2011,13550
057,2012,13506
057,2013,13409
057,2014,13327
057,2015,13260
057,2016,13156
057,2017,13145
057,2018,13081
057,2019,13006
057,2020,13067
057,2021,13123
057,2022,12976
057,2023,13013
057,2024,13002
057,2025,13047
058,2008,7337
058,2009,7862
058,2010,8016
058,2011,8147
058,2012,8192
058,2013,8169
058,2014,8224
058,2015,8236
058,2016,8275
058,2017,8251
058,2018,8287
058,2019,8432
058,2020,8502
058,2021,8512
058,2022,8561
058,2023,8648
058,2024,8591
058,2025,8574
059,2008,11431
059,2009,11157
059,2010,11114
059,2011,11026
059,2012,10997
059,2013,10721
059,2014,10609
059,2015,10575
059,2016,10538
059,2017,10506
059,2018,10406
059,2019,10411
059,2020,10426
059,2021,10486
059,2022,10312
059,2023,10211
059,2024,10180
059,2025,10125
060,2008,14667
060,2009,14529
060,2010,14739
060,2011,14863
060,2012,14900
060,2013,15017
060,2014,15054
060,2015,15064
060,2016,15099
060,2017,15215
060,2018,15317
060,2019,15356
060,2020,15499
060,2021,15743
060,2022,15720
060,2023,15753
060,2024,15834
060,2025,15882
061,2008,267760
061,2009,276091
061,2010,279653
061,2011,280140
061,2012,280607
061,2013,282994
061,2014,285857
061,2015,287218
061,2016,288307
061,2017,288919
061,2018,289518
061,2019,292988
061,2020,295504
061,2021,294464
061,2022,293218
061,2023,296228
061,2024,297575
061,2025,300354
062,2008,2695
062,2009,2624
062,2010,2675
062,2011,2675
062,2012,2666
062,2013,2645
062,2014,2621
062,2015,2601
062,2016,2604
062,2017,2572
062,2018,2545
062,2019,2541
062,2020,2550
062,2021,2576
062,2022,2542
062,2023,2560
062,2024,2512
062,2025,2524
063,2008,12021
063,2009,11845
063,2010,11833
063,2011,11805
063,2012,11773
063,2013,11662
063,2014,11573
063,2015,11521
063,2016,11491
063,2017,11374
063,2018,11329
063,2019,11261
063,2020,11268
063,2021,11233
063,2022,11140
063,2023,11042
063,2024,11000
063,2025,10955
064,2008,12410
064,2009,12757
064,2010,13111
064,2011,13234
064,2012,13424
064,2013,13694
064,2014,13703
064,2015,13763
064,2016,13752
064,2017,13802
064,2018,13976
064,2019,14150
064,2020,14396
064,2021,14681
064,2022,14699
064,2023,15065
064,2024,15046
064,2025,15071
065,2008,3906
065,2009,3809
065,2010,3954
065,2011,3899
065,2012,3881
065,2013,3871
065,2014,3869
065,2015,3866
065,2016,3857
065,2017,3835
065,2018,3731
065,2019,3744
065,2020,3757
065,2021,3703
065,2022,3624
065,2023,3550
065,2024,3526
065,2025,3506
066,2008,2036
066,2009,1954
066,2010,2003
066,2011,1982
066,2012,1968
066,2013,1932
066,2014,1900
066,2015,1878
066,2016,1866
066,2017,1863
066,2018,1838
066,2019,1798
066,2020,1789
066,2021,1816
066,2022,1807
066,2023,1797
066,2024,1803
066,2025,1835
067,2008,1594
067,2009,1535
067,2010,1565
067,2011,1543
067,2012,1528
067,2013,1514
067,2014,1492
067,2015,1481
067,2016,1495
067,2017,1490
067,2018,1472
067,2019,1462
067,2020,1448
067,2021,1454
067,2022,1455
067,2023,1437
067,2024,1421
067,2025,1419
068,2008,5257
068,2009,5363
068,2010,5432
068,2011,5422
068,2012,5497
068,2013,5549
068,2014,5631
068,2015,5674
068,2016,5731
068,2017,5761
068,2018,5799
068,2019,5838
068,2020,5890
068,2021,5888
068,2022,5978
068,2023,6020
068,2024,6131
068,2025,6186
069,2008,4146
069,2009,4045
069,2010,4097
069,2011,4063
069,2012,4028
069,2013,3980
069,2014,3932
069,2015,3952
069,2016,3986
069,2017,4016
069,2018,4021
069,2019,4042
069,2020,4056
069,2021,4060
069,2022,4026
069,2023,4002
069,2024,4011
069,2025,3983
070,2008,111340
070,2009,113113
070,2010,112364
070,2011,111730
070,2012,111550
070,2013,111374
070,2014,112088
070,2015,112325
070,2016,111832
070,2017,111079
070,2018,110871
070,2019,112065
070,2020,112682
070,2021,113778
070,2022,113004
070,2023,113000
070,2024,113747
070,2025,114301
071,2008,14879
071,2009,15068
071,2010,15393
071,2011,15542
071,2012,15618
071,2013,15843
071,2014,15868
071,2015,15963
071,2016,16032
071,2017,16236
071,2018,16362
071,2019,16573
071,2020,16829
071,2021,16811
071,2022,16792
071,2023,17076
071,2024,17213
071,2025,17296
072,2008,6969
072,2009,7307
072,2010,7396
072,2011,7374
072,2012,7404
072,2013,7477
072,2014,7579
072,2015,7630
072,2016,7708
072,2017,7752
072,2018,7917
072,2019,8117
072,2020,8279
072,2021,8411
072,2022,8487
072,2023,8592
072,2024,8654
072,2025,8684
073,2008,8458
073,2009,8379
073,2010,8440
073,2011,8416
073,2012,8415
073,2013,8373
073,2014,8406
073,2015,8400
073,2016,8382
073,2017,8325
073,2018,8339
073,2019,8375
073,2020,8470
073,2021,8480
073,2022,8452
073,2023,8465
073,2024,8439
073,2025,8572
074,2008,3880
074,2009,3704
074,2010,3683
074,2011,3665
074,2012,3643
074,2013,3632
074,2014,3619
074,2015,3623
074,2016,3599
074,2017,3573
074,2018,3541
074,2019,3565
074,2020,3595
074,2021,3598
074,2022,3567
074,2023,3564
074,2024,3554
074,2025,3518
075,2008,4869
075,2009,4843
075,2010,4841
075,2011,4817
075,2012,4850
075,2013,4835
075,2014,4828
075,2015,4826
075,2016,4825
075,2017,4838
075,2018,4858
075,2019,4949
075,2020,4977
075,2021,5029
075,2022,5072
075,2023,5100
075,2024,5058
075,2025,5060
076,2008,4748
076,2009,4703
076,2010,4685
076,2011,4693
076,2012,4649
076,2013,4666
076,2014,4622
076,2015,4593
076,2016,4577
076,2017,4561
076,2018,4557
076,2019,4544
076,2020,4566
076,2021,4520
076,2022,4532
076,2023,4535
076,2024,4571
076,2025,4521
077,2008,4807
077,2009,4832
077,2010,4926
077,2011,5033
077,2012,5092
077,2013,5129
077,2014,5173
077,2015,5211
077,2016,5271
077,2017,5309
077,2018,5328
077,2019,5414
077,2020,5449
077,2021,5469
077,2022,5522
077,2023,5569
077,2024,5651
077,2025,5670
078,2008,6215
078,2009,6014
078,2010,6001
078,2011,5983
078,2012,5962
078,2013,5908
078,2014,5862
078,2015,5853
078,2016,5847
078,2017,5831
078,2018,5826
078,2019,5812
078,2020,5837
078,2021,5958
078,2022,5990
078,2023,5971
078,2024,5964
078,2025,5957
079,2008,4099
079,2009,4063
079,2010,4073
079,2011,4095
079,2012,4089
079,2013,4098
079,2014,4103
079,2015,4067
079,2016,4056
079,2017,4038
079,2018,4092
079,2019,4106
079,2020,4150
079,2021,4244
079,2022,4401
079,2023,4489
079,2024,4532
079,2025,4503
080,2008,19679
080,2009,19433
080,2010,19409
080,2011,19346
080,2012,19313
080,2013,19188
080,2014,19016
080,2015,18973
080,2016,18924
080,2017,18870
080,2018,18734
080,2019,18730
080,2020,18758
080,2021,18622
080,2022,18543
080,2023,18651
080,2024,18577
080,2025,18429
081,2008,3663
081,2009,3528
081,2010,3519
081,2011,3508
081,2012,3488
081,2013,3457
081,2014,3423
081,2015,3399
081,2016,3364
081,2017,3389
081,2018,3382
081,2019,3383
081,2020,3414
081,2021,3417
081,2022,3402
081,2023,3394
081,2024,3358
081,2025,3363
082,2008,5150
082,2009,5164
082,2010,5229
082,2011,5255
082,2012,5278
082,2013,5337
082,2014,5288
082,2015,5299
082,2016,5283
082,2017,5350
082,2018,5377
082,2019,5422
082,2020,5384
082,2021,5431
082,2022,5380
082,2023,5495
082,2024,5471
082,2025,5478
083,2008,2673
083,2009,2567
083,2010,2582
083,2011,2601
083,2012,2604
083,2013,2624
083,2014,2573
083,2015,2581
083,2016,2582
083,2017,2582
083,2018,2588
083,2019,2623
083,2020,2639
083,2021,2611
083,2022,2682
083,2023,2673
083,2024,2691
083,2025,2686
084,2008,32193
084,2009,31911
084,2010,32089
084,2011,32112
084,2012,32000
084,2013,31938
084,2014,31773
084,2015,31787
084,2016,31798
084,2017,31825
084,2018,31638
084,2019,31799
084,2020,31884
084,2021,31845
084,2022,31824
084,2023,32034
084,2024,31956
084,2025,31906
085,2008,35653
085,2009,35570
085,2010,35966
085,2011,36296
085,2012,36371
085,2013,36285
085,2014,36333
085,2015,36371
085,2016,36503
085,2017,36433
085,2018,36533
085,2019,37063
085,2020,37587
085,2021,37398
085,2022,37615
085,2023,38075
085,2024,38348
085,2025,38669
086,2008,1722
086,2009,1674
086,2010,1690
086,2011,1693
086,2012,1664
086,2013,1637
086,2014,1628
086,2015,1651
086,2016,1637
086,2017,1631
086,2018,1621
086,2019,1641
086,2020,1632
086,2021,1619
086,2022,1595
086,2023,1606
086,2024,1592
086,2025,1600
087,2008,13113
087,2009,12591
087,2010,12653
087,2011,12639
087,2012,12575
087,2013,12526
087,2014,12419
087,2015,12408
087,2016,12316
087,2017,12213
087,2018,12112
087,2019,11942
087,2020,11906
087,2021,11886
087,2022,11890
087,2023,11912
087,2024,11813
087,2025,11849
088,2008,421
088,2009,404
088,2010,403
088,2011,402
088,2012,408
088,2013,396
088,2014,387
088,2015,374
088,2016,372
088,2017,377
088,2018,370
088,2019,369
088,2020,353
088,2021,327
088,2022,321
088,2023,339
088,2024,331
088,2025,329
089,2008,7580
089,2009,7549
089,2010,7557
089,2011,7566
089,2012,7526
089,2013,7554
089,2014,7501
089,2015,7516
089,2016,7391
089,2017,7365
089,2018,7369
089,2019,7331
089,2020,7410
089,2021,7508
089,2022,7576
089,2023,7608
089,2024,7709
089,2025,7819
090,2008,17389
090,2009,17338
090,2010,17735
090,2011,17717
090,2012,17643
090,2013,17882
090,2014,17753
090,2015,17857
090,2016,17829
090,2017,17782
090,2018,17643
090,2019,17671
090,2020,17676
090,2021,18457
090,2022,18432
090,2023,18253
090,2024,18119
090,2025,18113
091,2008,6066
091,2009,5966
091,2010,5928
091,2011,5966
091,2012,5979
091,2013,6044
091,2014,6039
091,2015,6039
091,2016,6064
091,2017,6073
091,2018,6044
091,2019,6162
091,2020,6201
091,2021,6190
091,2022,6230
091,2023,6226
091,2024,6162
091,2025,6131
092,2008,3337
092,2009,3276
092,2010,3312
092,2011,3325
092,2012,3327
092,2013,3322
092,2014,3318
092,2015,3318
092,2016,3325
092,2017,3353
092,2018,3353
092,2019,3430
092,2020,3446
092,2021,3614
092,2022,3657
092,2023,3597
092,2024,3618
092,2025,3653
093,2008,2709
093,2009,2608
093,2010,2587
093,2011,2552
093,2012,2531
093,2013,2500
093,2014,2446
093,2015,2400
093,2016,2371
093,2017,2365
093,2018,2358
093,2019,2355
093,2020,2339
093,2021,2365
093,2022,2337
093,2023,2310
093,2024,2258
093,2025,2228
094,2008,15339
094,2009,15455
094,2010,15639
094,2011,15709
094,2012,15710
094,2013,15749
094,2014,15873
094,2015,15982
094,2016,16068
094,2017,16176
094,2018,16207
094,2019,16189
094,2020,16442
094,2021,16675
094,2022,16753
094,2023,17264
094,2024,17672
094,2025,17532
095,2008,3278
095,2009,3477
095,2010,3447
095,2011,3532
095,2012,3543
095,2013,3561
095,2014,3556
095,2015,3579
095,2016,3582
095,2017,3597
095,2018,3619
095,2019,3688
095,2020,3714
095,2021,3780
095,2022,3811
095,2023,3870
095,2024,3865
095,2025,3934
096,2008,23729
096,2009,23699
096,2010,23658
096,2011,23629
096,2012,23602
096,2013,23404
096,2014,23229
096,2015,23153
096,2016,23129
096,2017,23117
096,2018,23162
096,2019,23257
096,2020,23530
096,2021,23611
096,2022,23509
096,2023,23525
096,2024,23872
096,2025,23920
097,2008,6267
097,2009,6128
097,2010,6125
097,2011,6095
097,2012,6136
097,2013,6098
097,2014,6067
097,2015,6014
097,2016,5990
097,2017,5948
097,2018,5938
097,2019,5881
097,2020,5873
097,2021,5904
097,2022,5871
097,2023,5890
097,2024,5882
097,2025,5818
098,2008,6472
098,2009,6528
098,2010,6710
098,2011,6820
098,2012,6905
098,2013,7021
098,2014,7028
098,2015,7074
098,2016,7105
098,2017,7150
098,2018,7247
098,2019,7371
098,2020,7531
098,2021,7623
098,2022,7749
098,2023,7959
098,2024,8036
098,2025,8167
099,2008,4596
099,2009,4522
099,2010,4476
099,2011,4445
099,2012,4450
099,2013,4396
099,2014,4332
099,2015,4282
099,2016,4279
099,2017,4240
099,2018,4211
099,2019,4165
099,2020,4139
099,2021,4164
099,2022,4146
099,2023,4108
099,2024,4114
099,2025,4078
100,2008,5276
100,2009,5196
100,2010,5306
100,2011,5304
100,2012,5177
100,2013,5252
100,2014,5216
100,2015,5199
100,2016,5138
100,2017,5160
100,2018,5151
100,2019,5108
100,2020,5112
100,2021,5098
100,2022,5056
100,2023,5202
100,2024,5104
100,2025,5065
101,2008,6279
101,2009,6162
101,2010,6255
101,2011,6265
101,2012,6345
101,2013,6311
101,2014,6264
101,2015,6256
101,2016,6215
101,2017,6184
101,2018,6191
101,2019,6185
101,2020,6169
101,2021,6164
101,2022,6181
101,2023,6142
101,2024,6180
101,2025,6221
102,2008,18584
102,2009,18698
102,2010,18817
102,2011,18858
102,2012,18916
102,2013,18870
102,2014,18848
102,2015,18892
102,2016,18816
102,2017,18822
102,2018,18872
102,2019,19025
102,2020,19072
102,2021,19195
102,2022,19325
102,2023,19315
102,2024,19406
102,2025,19373
103,2008,12121
103,2009,11722
103,2010,11709
103,2011,11621
103,2012,11507
103,2013,11464
103,2014,11340
103,2015,11343
103,2016,11342
103,2017,11302
103,2018,11253
103,2019,11294
103,2020,11348
103,2021,11289
103,2022,11228
103,2023,11199
103,2024,11170
103,2025,11191
104,2008,9317
104,2009,9305
104,2010,9352
104,2011,9333
104,2012,9340
104,2013,9316
104,2014,9353
104,2015,9321
104,2016,9347
104,2017,9390
104,2018,9377
104,2019,9483
104,2020,9527
104,2021,9644
104,2022,9684
104,2023,9783
104,2024,9807
104,2025,9854
105,2008,3309
105,2009,3240
105,2010,3230
105,2011,3217
105,2012,3220
105,2013,3178
105,2014,3167
105,2015,3134
105,2016,3111
105,2017,3065
105,2018,3084
105,2019,3060
105,2020,3024
105,2021,3114
105,2022,3125
105,2023,3104
105,2024,3076
105,2025,3046
106,2008,11120
106,2009,11093
106,2010,11112
106,2011,11004
106,2012,11022
106,2013,11070
106,2014,10981
106,2015,11026
106,2016,10958
106,2017,10994
106,2018,11002
106,2019,11057
106,2020,11132
106,2021,11323
106,2022,11438
106,2023,11614
106,2024,11594
106,2025,11674
107,2008,3222
107,2009,3155
107,2010,3164
107,2011,3143
107,2012,3136
107,2013,3122
107,2014,3115
107,2015,3097
107,2016,3093
107,2017,3051
107,2018,3042
107,2019,3060
107,2020,3106
107,2021,3138
107,2022,3055
107,2023,3034
107,2024,3049
107,2025,3088
108,2008,7465
108,2009,7417
108,2010,7300
108,2011,7330
108,2012,7270
108,2013,7220
108,2014,7191
108,2015,7163
108,2016,7150
108,2017,7075
108,2018,7087
108,2019,7070
108,2020,7017
108,2021,7055
108,2022,7091
108,2023,7127
108,2024,7149
108,2025,7175
109,2008,3902
109,2009,3789
109,2010,3782
109,2011,3862
109,2012,3875
109,2013,3832
109,2014,3806
109,2015,3799
109,2016,3780
109,2017,3798
109,2018,3767
109,2019,3824
109,2020,3864
109,2021,3887
109,2022,3864
109,2023,3832
109,2024,3834
109,2025,3816
110,2008,17494
110,2009,17649
110,2010,17646
110,2011,17595
110,2012,17559
110,2013,17460
110,2014,17414
110,2015,17481
110,2016,17510
110,2017,17469
110,2018,17446
110,2019,17537
110,2020,17642
110,2021,17639
110,2022,17661
110,2023,17654
110,2024,17632
110,2025,17555
111,2008,12583
111,2009,12682
111,2010,12888
111,2011,12894
111,2012,13082
111,2013,13036
111,2014,13091
111,2015,13090
111,2016,13160
111,2017,13236
111,2018,13276
111,2019,13425
111,2020,13551
111,2021,13802
111,2022,13842
111,2023,13824
111,2024,13839
111,2025,13729
112,2008,17107
112,2009,16662
112,2010,16862
112,2011,16811
112,2012,16866
112,2013,16870
112,2014,16839
112,2015,16785
112,2016,16720
112,2017,16621
112,2018,16525
112,2019,16596
112,2020,16591
112,2021,16595
112,2022,16716
112,2023,16955
112,2024,17062
112,2025,17067
113,2008,24453
113,2009,24462
113,2010,24731
113,2011,24919
113,2012,25189
113,2013,25191
113,2014,25176
113,2015,25373
113,2016,25413
113,2017,25468
113,2018,25524
113,2019,25599
113,2020,25827
113,2021,25949
113,2022,26042
113,2023,26206
113,2024,26129
113,2025,26265
114,2008,14398
114,2009,14346
114,2010,14423
114,2011,14414
114,2012,14442
114,2013,14438
114,2014,14453
114,2015,14598
114,2016,14623
114,2017,14726
114,2018,14848
114,2019,14917
114,2020,15042
114,2021,15263
114,2022,15221
114,2023,15313
114,2024,15485
114,2025,15515
115,2008,4094
115,2009,4063
115,2010,4113
115,2011,4163
115,2012,4149
115,2013,4102
115,2014,4089
115,2015,4065
115,2016,4072
115,2017,4005
115,2018,3973
115,2019,3974
115,2020,4046
115,2021,4081
115,2022,4077
115,2023,4132
115,2024,4148
115,2025,4128
116,2008,2969
116,2009,2869
116,2010,2891
116,2011,2894
116,2012,2894
116,2013,2890
116,2014,2861
116,2015,2887
116,2016,2863
116,2017,2827
116,2018,2830
116,2019,2806
116,2020,2782
116,2021,2834
116,2022,2855
116,2023,2816
116,2024,2790
116,2025,2795
117,2008,8133
117,2009,8250
117,2010,8405
117,2011,8489
117,2012,8475
117,2013,8469
117,2014,8474
117,2015,8554
117,2016,8580
117,2017,8557
117,2018,8592
117,2019,8650
117,2020,8814
117,2021,8829
117,2022,8893
117,2023,8939
117,2024,8786
117,2025,8875
118,2008,8522
118,2009,8426
118,2010,8419
118,2011,8414
118,2012,8422
118,2013,8467
118,2014,8440
118,2015,8391
118,2016,8339
118,2017,8371
118,2018,8521
118,2019,8438
118,2020,8351
118,2021,8375
118,2022,8367
118,2023,8403
118,2024,8475
118,2025,8386
119,2008,6745
119,2009,6694
119,2010,6727
119,2011,6779
119,2012,6882
119,2013,6908
119,2014,6946
119,2015,6990
119,2016,6993
119,2017,7094
119,2018,7062
119,2019,7125
119,2020,7199
119,2021,7225
119,2022,7247
119,2023,7356
119,2024,7418
119,2025,7438
120,2008,18895
120,2009,18787
120,2010,18880
120,2011,18899
120,2012,18916
120,2013,18946
120,2014,18922
120,2015,19004
120,2016,18990
120,2017,19001
120,2018,18971
120,2019,19084
120,2020,19225
120,2021,19378
120,2022,19378
120,2023,19482
120,2024,19579
120,2025,19646
121,2008,3212
121,2009,3177
121,2010,3273
121,2011,3212
121,2012,3193
121,2013,3224
121,2014,3221
121,2015,3224
121,2016,3236
121,2017,3267
121,2018,3261
121,2019,3290
121,2020,3352
121,2021,3429
121,2022,3419
121,2023,3423
121,2024,3478
121,2025,3577
122,2008,22507
122,2009,22667
122,2010,22693
122,2011,22713
122,2012,22857
122,2013,22901
122,2014,22934
122,2015,22912
122,2016,22927
122,2017,22935
122,2018,22919
122,2019,23076
122,2020,23297
122,2021,23462
122,2022,23622
122,2023,23779
122,2024,23901
122,2025,23884
123,2008,8145
123,2009,8413
123,2010,8661
123,2011,9130
123,2012,9401
123,2013,9744
123,2014,9988
123,2015,10278
123,2016,10618
123,2017,10917
123,2018,11098
123,2019,11180
123,2020,11577
123,2021,11657
123,2022,11666
123,2023,11897
123,2024,12017
123,2025,12124
124,2008,9829
124,2009,9946
124,2010,10052
124,2011,10154
124,2012,10237
124,2013,10278
124,2014,10214
124,2015,10184
124,2016,10260
124,2017,10253
124,2018,10227
124,2019,10256
124,2020,10271
124,2021,10375
124,2022,10361
124,2023,10505
124,2024,10573
124,2025,10512
125,2008,3147
125,2009,3116
125,2010,3164
125,2011,3161
125,2012,3200
125,2013,3218
125,2014,3223
125,2015,3228
125,2016,3240
125,2017,3203
125,2018,3224
125,2019,3261
125,2020,3265
125,2021,3278
125,2022,3324
125,2023,3369
125,2024,3379
125,2025,3407
126,2008,8609
126,2009,8420
126,2010,8618
126,2011,8692
126,2012,8787
126,2013,8750
126,2014,8806
126,2015,8710
126,2016,8705
126,2017,8641
126,2018,8667
126,2019,8701
126,2020,8784
126,2021,8847
126,2022,8822
126,2023,9064
126,2024,9132
126,2025,9007
127,2008,4255
127,2009,4260
127,2010,4289
127,2011,4270
127,2012,4297
127,2013,4292
127,2014,4250
127,2015,4263
127,2016,4239
127,2017,4242
127,2018,4257
127,2019,4616
127,2020,4529
127,2021,4477
127,2022,4396
127,2023,4466
127,2024,4452
127,2025,4481
128,2008,11951
128,2009,11730
128,2010,11716
128,2011,11634
128,2012,11628
128,2013,11578
128,2014,11461
128,2015,11385
128,2016,11281
128,2017,11211
128,2018,11147
128,2019,11073
128,2020,11003
128,2021,11018
128,2022,10953
128,2023,10899
128,2024,10838
128,2025,10754
129,2008,17761
129,2009,17545
129,2010,17480
129,2011,17194
129,2012,17018
129,2013,16888
129,2014,16628
129,2015,16490
129,2016,16339
129,2017,16221
129,2018,16052
129,2019,16018
129,2020,16105
129,2021,16024
129,2022,15893
129,2023,15958
129,2024,16000
129,2025,16002
130,2008,14071
130,2009,14371
130,2010,14629
130,2011,14620
130,2012,12001
130,2013,12075
130,2014,12063
130,2015,12181
130,2016,12354
130,2017,12522
130,2018,12662
130,2019,12903
130,2020,13133
130,2021,13310
130,2022,13413
130,2023,13477
130,2024,13574
130,2025,13695
131,2008,15360
131,2009,15329
131,2010,15313
131,2011,15207
131,2012,15201
131,2013,15106
131,2014,15041
131,2015,14994
131,2016,14872
131,2017,14870
131,2018,14766
131,2019,14880
131,2020,14961
131,2021,15054
131,2022,15011
131,2023,15058
131,2024,15120
131,2025,15110
132,2008,3484
132,2009,3380
132,2010,3375
132,2011,3380
132,2012,3377
132,2013,3338
132,2014,3321
132,2015,3286
132,2016,3263
132,2017,3248
132,2018,3206
132,2019,3194
132,2020,3145
132,2021,3190
132,2022,3153
132,2023,3163
132,2024,3123
132,2025,3112
133,2008,34140
133,2009,33226
133,2010,33199
133,2011,32836
133,2012,32869
133,2013,32912
133,2014,32973
133,2015,32751
133,2016,32747
133,2017,32718
133,2018,32802
133,2019,33293
133,2020,33656
133,2021,33715
133,2022,33548
133,2023,33474
133,2024,33775
133,2025,33930
134,2008,4093
134,2009,4110
134,2010,4154
134,2011,4155
134,2012,4201
134,2013,4240
134,2014,4206
134,2015,4188
134,2016,4264
134,2017,4303
134,2018,4303
134,2019,4351
134,2020,4410
134,2021,4520
134,2022,4584
134,2023,4520
134,2024,4537
134,2025,4564
135,2008,5592
135,2009,5565
135,2010,5603
135,2011,5618
135,2012,5636
135,2013,5603
135,2014,5562
135,2015,5478
135,2016,5481
135,2017,5523
135,2018,5538
135,2019,5568
135,2020,5625
135,2021,5684
135,2022,5601
135,2023,5614
135,2024,5598
135,2025,5612
136,2008,5422
136,2009,5282
136,2010,5304
136,2011,5389
136,2012,5600
136,2013,5553
136,2014,5592
136,2015,5608
136,2016,5605
136,2017,5615
136,2018,5580
136,2019,5600
136,2020,5703
136,2021,5767
136,2022,5822
136,2023,5867
136,2024,5891
136,2025,5875
137,2008,2349
137,2009,2288
137,2010,2286
137,2011,2289
137,2012,2295
137,2013,2267
137,2014,2235
137,2015,2254
137,2016,2269
137,2017,2271
137,2018,2251
137,2019,2262
137,2020,2272
137,2021,2267
137,2022,2266
137,2023,2242
137,2024,2238
137,2025,2202
138,2008,4311
138,2009,4425
138,2010,4551
138,2011,4615
138,2012,4711
138,2013,4778
138,2014,4820
138,2015,4777
138,2016,4804
138,2017,4831
138,2018,4861
138,2019,4958
138,2020,4985
138,2021,4983
138,2022,4974
138,2023,5123
138,2024,5201
138,2025,5234
139,2008,8317
139,2009,8287
139,2010,8394
139,2011,8438
139,2012,8442
139,2013,8510
139,2014,8537
139,2015,8668
139,2016,8685
139,2017,8725
139,2018,8732
139,2019,8801
139,2020,8907
139,2021,9009
139,2022,9063
139,2023,9146
139,2024,9219
139,2025,9333
140,2008,15262
140,2009,15817
140,2010,16117
140,2011,16291
140,2012,16417
140,2013,16543
140,2014,16564
140,2015,16715
140,2016,16848
140,2017,16907
140,2018,16978
140,2019,17272
140,2020,17529
140,2021,17613
140,2022,17684
140,2023,17923
140,2024,18151
140,2025,18206
141,2008,2799
141,2009,2748
141,2010,2760
141,2011,2720
141,2012,2707
141,2013,2726
141,2014,2707
141,2015,2708
141,2016,2687
141,2017,2670
141,2018,2685
141,2019,2658
141,2020,2649
141,2021,2649
141,2022,2652
141,2023,2667
141,2024,2641
141,2025,2621
142,2008,17167
142,2009,17098
142,2010,17082
142,2011,17044
142,2012,17013
142,2013,16901
142,2014,16775
142,2015,16717
142,2016,16650
142,2017,16575
142,2018,16504
142,2019,16434
142,2020,16439
142,2021,16379
142,2022,16307
142,2023,16413
142,2024,16470
142,2025,16379
143,2008,1554
143,2009,1519
143,2010,1609
143,2011,1622
143,2012,1661
143,2013,1740
143,2014,1773
143,2015,1727
143,2016,1722
143,2017,1819
143,2018,1768
143,2019,1525
143,2020,1479
143,2021,1527
143,2022,1506
143,2023,1484
143,2024,1478
143,2025,1471
144,2008,6581
144,2009,6492
144,2010,6491
144,2011,6447
144,2012,6412
144,2013,6389
144,2014,6358
144,2015,6379
144,2016,6395
144,2017,6409
144,2018,6402
144,2019,6443
144,2020,6550
144,2021,6600
144,2022,6576
144,2023,6645
144,2024,6653
144,2025,6654
146,2008,6871
146,2009,6773
146,2010,6763
146,2011,6770
146,2012,6793
146,2013,6789
146,2014,6760
146,2015,6742
146,2016,6705
146,2017,6675
146,2018,6709
146,2019,6689
146,2020,6720
146,2021,6699
146,2022,6685
146,2023,6643
146,2024,6672
146,2025,6670
147,2008,4959
147,2009,4904
147,2010,4918
147,2011,4902
147,2012,4894
147,2013,4890
147,2014,4834
147,2015,4827
147,2016,4870
147,2017,4841
147,2018,4871
147,2019,4876
147,2020,4933
147,2021,4981
147,2022,4990
147,2023,5055
147,2024,5047
147,2025,5106
148,2008,2299
148,2009,2354
148,2010,2368
148,2011,2395
148,2012,2439
148,2013,2430
148,2014,2464
148,2015,2461
148,2016,2491
148,2017,2486
148,2018,2514
148,2019,2577
148,2020,2615
148,2021,2614
148,2022,2684
148,2023,2735
148,2024,2728
148,2025,2738
149,2008,1454
149,2009,1408
149,2010,1418
149,2011,1436
149,2012,1421
149,2013,1404
149,2014,1390
149,2015,1382
149,2016,1365
149,2017,1353
149,2018,1346
149,2019,1327
149,2020,1336
149,2021,1356
149,2022,1361
149,2023,1354
149,2024,1348
149,2025,1335
150,2008,1641
150,2009,1577
150,2010,1568
150,2011,1576
150,2012,1585
150,2013,1584
150,2014,1569
150,2015,1545
150,2016,1538
150,2017,1522
150,2018,1532
150,2019,1555
150,2020,1564
150,2021,1616
150,2022,1610
150,2023,1564
150,2024,1566
150,2025,1554
151,2008,5214
151,2009,5175
151,2010,5213
151,2011,5291
151,2012,5378
151,2013,5409
151,2014,5442
151,2015,5447
151,2016,5473
151,2017,5556
151,2018,5524
151,2019,5523
151,2020,5639
151,2021,5656
151,2022,5681
151,2023,5723
151,2024,5819
151,2025,5919
152,2008,2012
152,2009,1920
152,2010,1902
152,2011,1889
152,2012,1890
152,2013,1889
152,2014,1850
152,2015,1834
152,2016,1814
152,2017,1794
152,2018,1755
152,2019,1735
152,2020,1734
152,2021,1753
152,2022,1740
152,2023,1765
152,2024,1769
152,2025,1754
153,2008,2111
153,2009,2049
153,2010,2051
153,2011,2035
153,2012,2012
153,2013,2009
153,2014,2015
153,2015,2058
153,2016,2044
153,2017,2074
153,2018,2037
153,2019,2058
153,2020,2083
153,2021,2171
153,2022,2179
153,2023,2216
153,2024,2247
153,2025,2254
154,2008,990
154,2009,953
154,2010,962
154,2011,977
154,2012,975
154,2013,968
154,2014,968
154,2015,994
154,2016,981
154,2017,977
154,2018,965
154,2019,966
154,2020,949
154,2021,934
154,2022,942
154,2023,969
154,2024,970
154,2025,960
155,2008,2133
155,2009,2179
155,2010,2193
155,2011,2192
155,2012,2190
155,2013,2195
155,2014,2215
155,2015,2164
155,2016,2192
155,2017,2226
155,2018,2208
155,2019,2226
155,2020,2234
155,2021,2250
155,2022,2277
155,2023,2297
155,2024,2313
155,2025,2324
156,2008,1377
156,2009,1332
156,2010,1324
156,2011,1335
156,2012,1338
156,2013,1319
156,2014,1279
156,2015,1280
156,2016,1277
156,2017,1274
156,2018,1291
156,2019,1284
156,2020,1284
156,2021,1293
156,2022,1263
156,2023,1254
156,2024,1258
156,2025,1238
157,2008,3437
157,2009,3414
157,2010,3412
157,2011,3423
157,2012,3389
157,2013,3398
157,2014,3385
157,2015,3388
157,2016,3407
157,2017,3447
157,2018,3436
157,2019,3489
157,2020,3553
157,2021,3593
157,2022,3589
157,2023,3611
157,2024,3618
157,2025,3680
158,2008,2324
158,2009,2259
158,2010,2254
158,2011,2257
158,2012,2226
158,2013,2216
158,2014,2207
158,2015,2192
158,2016,2166
158,2017,2110
158,2018,2105
158,2019,2076
158,2020,2042
158,2021,2087
158,2022,2063
158,2023,2005
158,2024,1985
158,2025,1969
159,2008,3785
159,2009,3720
159,2010,3765
159,2011,3748
159,2012,3738
159,2013,3736
159,2014,3732
159,2015,3740
159,2016,3712
159,2017,3747
159,2018,3745
159,2019,3797
159,2020,3879
159,2021,3938
159,2022,3873
159,2023,3897
159,2024,4001
159,2025,4059
160,2008,10775
160,2009,10844
160,2010,10820
160,2011,10861
160,2012,10943
160,2013,11189
160,2014,11224
160,2015,11188
160,2016,11273
160,2017,11285
160,2018,11415
160,2019,11768
160,2020,11753
160,2021,11720
160,2022,11723
160,2023,11885
160,2024,11981
160,2025,11913
161,2008,335
161,2009,322
161,2010,315
161,2011,316
161,2012,379
161,2013,375
161,2014,362
161,2015,367
161,2016,375
161,2017,367
161,2018,362
161,2019,354
161,2020,353
161,2021,369
161,2022,362
161,2023,357
161,2024,346
161,2025,335
162,2008,2740
162,2009,2838
162,2010,2872
162,2011,2872
162,2012,2867
162,2013,2909
162,2014,2937
162,2015,2950
162,2016,2970
162,2017,2980
162,2018,3017
162,2019,3016
162,2020,3024
162,2021,2985
162,2022,3006
162,2023,3024
162,2024,3044
162,2025,3051
163,2008,691
163,2009,664
163,2010,666
163,2011,664
163,2012,640
163,2013,634
163,2014,652
163,2015,645
163,2016,624
163,2017,625
163,2018,629
163,2019,634
163,2020,625
163,2021,666
163,2022,667
163,2023,671
163,2024,662
163,2025,681
164,2008,4849
164,2009,5082
164,2010,5314
164,2011,5457
164,2012,5682
164,2013,5746
164,2014,5868
164,2015,5932
164,2016,6001
164,2017,6108
164,2018,6192
164,2019,6268
164,2020,6387
164,2021,6444
164,2022,6482
164,2023,6643
164,2024,6739
164,2025,6761
165,2008,691
165,2009,647
165,2010,665
165,2011,663
165,2012,632
165,2013,644
165,2014,650
165,2015,646
165,2016,641
165,2017,640
165,2018,637
165,2019,639
165,2020,635
165,2021,691
165,2022,678
165,2023,621
165,2024,624
165,2025,610
166,2008,3550
166,2009,3750
166,2010,3747
166,2011,3729
166,2012,3772
166,2013,3753
166,2014,3702
166,2015,3693
166,2016,3618
166,2017,3613
166,2018,3568
166,2019,3560
166,2020,3537
166,2021,3549
166,2022,3536
166,2023,3564
166,2024,3536
166,2025,3528
167,2008,3163
167,2009,3120
167,2010,3127
167,2011,3113
167,2012,3124
167,2013,3096
167,2014,3119
167,2015,3116
167,2016,3088
167,2017,3055
167,2018,3014
167,2019,2979
167,2020,2963
167,2021,2988
167,2022,2958
167,2023,2944
167,2024,2951
167,2025,2944
168,2008,4022
168,2009,3973
168,2010,3996
168,2011,3985
168,2012,3988
168,2013,4015
168,2014,3987
168,2015,3989
168,2016,4011
168,2017,4012
168,2018,3999
168,2019,4014
168,2020,4039
168,2021,4025
168,2022,4022
168,2023,4102
168,2024,4090
168,2025,4073
169,2008,6236
169,2009,6240
169,2010,6290
169,2011,6268
169,2012,6379
169,2013,6402
169,2014,6437
169,2015,6460
169,2016,6525
169,2017,6566
169,2018,6553
169,2019,6744
169,2020,6929
169,2021,6996
169,2022,7045
169,2023,7147
169,2024,7189
169,2025,7261
170,2008,2795
170,2009,2779
170,2010,2785
170,2011,2807
170,2012,2835
170,2013,2846
170,2014,2882
170,2015,2873
170,2016,2911
170,2017,2933
170,2018,2962
170,2019,2974
170,2020,2988
170,2021,3034
170,2022,3077
170,2023,3130
170,2024,3192
170,2025,3203
171,2008,3966
171,2009,3918
171,2010,3949
171,2011,3965
171,2012,4002
171,2013,4029
171,2014,4030
171,2015,4046
171,2016,4076
171,2017,4099
171,2018,4100
171,2019,4118
171,2020,4137
171,2021,4154
171,2022,4131
171,2023,4146
171,2024,4176
171,2025,4203
172,2008,1937
172,2009,1892
172,2010,1891
172,2011,1897
172,2012,1861
172,2013,1873
172,2014,1856
172,2015,1814
172,2016,1818
172,2017,1880
172,2018,1865
172,2019,1817
172,2020,1801
172,2021,1853
172,2022,1844
172,2023,1819
172,2024,1831
172,2025,1821
173,2008,5636
173,2009,5872
173,2010,5923
173,2011,5966
173,2012,5959
173,2013,5995
173,2014,6060
173,2015,6084
173,2016,6135
173,2017,6176
173,2018,6172
173,2019,6191
173,2020,6258
173,2021,6321
173,2022,6386
173,2023,6410
173,2024,6469
173,2025,6629
174,2008,4606
174,2009,4599
174,2010,4734
174,2011,4916
174,2012,4998
174,2013,5052
174,2014,5002
174,2015,4999
174,2016,5007
174,2017,5067
174,2018,5068
174,2019,5084
174,2020,5103
174,2021,5210
174,2022,5302
174,2023,5343
174,2024,5329
174,2025,5317
175,2008,6679
175,2009,6741
175,2010,6833
175,2011,6844
175,2012,6826
175,2013,6814
175,2014,6787
175,2015,6780
175,2016,6763
175,2017,6753
175,2018,6797
175,2019,6794
175,2020,6799
175,2021,6800
175,2022,6732
175,2023,6798
175,2024,6737
175,2025,6701
176,2008,1346
176,2009,1344
176,2010,1344
176,2011,1353
176,2012,1342
176,2013,1335
176,2014,1296
176,2015,1287
176,2016,1278
176,2017,1289
176,2018,1268
176,2019,1265
176,2020,1277
176,2021,1265
176,2022,1237
176,2023,1233
176,2024,1232
176,2025,1216
177,2008,1258
177,2009,1228
177,2010,1253
177,2011,1232
177,2012,1205
177,2013,1198
177,2014,1183
177,2015,1175
177,2016,1180
177,2017,1179
177,2018,1148
177,2019,1128
177,2020,1116
177,2021,1142
177,2022,1141
177,2023,1099
177,2024,1085
177,2025,1099
178,2008,4550
178,2009,4563
178,2010,4541
178,2011,4531
178,2012,4549
178,2013,4532
178,2014,4459
178,2015,4521
178,2016,4522
178,2017,4470
178,2018,4480
178,2019,4494
178,2020,4493
178,2021,4562
178,2022,4513
178,2023,4473
178,2024,4469
178,2025,4402
179,2008,2205
179,2009,2148
179,2010,2168
179,2011,2154
179,2012,2167
179,2013,2187
179,2014,2181
179,2015,2190
179,2016,2186
179,2017,2184
179,2018,2171
179,2019,2177
179,2020,2185
179,2021,2249
179,2022,2269
179,2023,2284
179,2024,2308
179,2025,2318
180,2008,540
180,2009,505
180,2010,515
180,2011,517
180,2012,516
180,2013,518
180,2014,523
180,2015,504
180,2016,514
180,2017,521
180,2018,513
180,2019,514
180,2020,513
180,2021,529
180,2022,524
180,2023,511
180,2024,514
180,2025,504
181,2008,2378
181,2009,2368
181,2010,2370
181,2011,2338
181,2012,2337
181,2013,2342
181,2014,2330
181,2015,2325
181,2016,2319
181,2017,2309
181,2018,2286
181,2019,2285
181,2020,2294
181,2021,2323
181,2022,2326
181,2023,2326
181,2024,2360
181,2025,2376
182,2008,1237
182,2009,1207
182,2010,1209
182,2011,1221
182,2012,1181
182,2013,1138
182,2014,1164
182,2015,1164
182,2016,1160
182,2017,1143
182,2018,1157
182,2019,1180
182,2020,1180
182,2021,1203
182,2022,1201
182,2023,1193
182,2024,1196
182,2025,1184
183,2008,6446
183,2009,6339
183,2010,6406
183,2011,6351
183,2012,6346
183,2013,6348
183,2014,6302
183,2015,6280
183,2016,6279
183,2017,6244
183,2018,6168
183,2019,6234
183,2020,6292
183,2021,6292
183,2022,6164
183,2023,6175
183,2024,6267
183,2025,6383
184,2008,1495
184,2009,1510
184,2010,1516
184,2011,1590
184,2012,1614
184,2013,1603
184,2014,1620
184,2015,1655
184,2016,1645
184,2017,1647
184,2018,1668
184,2019,1645
184,2020,1669
184,2021,1670
184,2022,1693
184,2023,1735
184,2024,1750
184,2025,1789
185,2008,1311
185,2009,1312
185,2010,1326
185,2011,1347
185,2012,1352
185,2013,1348
185,2014,1348
185,2015,1316
185,2016,1341
185,2017,1371
185,2018,1365
185,2019,1359
185,2020,1366
185,2021,1374
185,2022,1385
185,2023,1404
185,2024,1398
185,2025,1397
186,2008,3664
186,2009,3682
186,2010,3776
186,2011,3844
186,2012,3835
186,2013,3874
186,2014,3851
186,2015,3858
186,2016,3889
186,2017,3881
186,2018,3869
186,2019,3922
186,2020,3940
186,2021,3925
186,2022,3900
186,2023,3956
186,2024,4073
186,2025,4026
187,2008,1523
187,2009,1483
187,2010,1459
187,2011,1491
187,2012,1489
187,2013,1469
187,2014,1456
187,2015,1439
187,2016,1449
187,2017,1443
187,2018,1439
187,2019,1416
187,2020,1392
187,2021,1380
187,2022,1387
187,2023,1393
187,2024,1394
187,2025,1392
188,2008,1328
188,2009,1308
188,2010,1313
188,2011,1287
188,2012,1284
188,2013,1299
188,2014,1296
188,2015,1295
188,2016,1299
188,2017,1315
188,2018,1291
188,2019,1288
188,2020,1325
188,2021,1344
188,2022,1371
188,2023,1368
188,2024,1358
188,2025,1379
189,2008,2554
189,2009,2564
189,2010,2614
189,2011,2588
189,2012,2618
189,2013,2652
189,2014,2597
189,2015,2603
189,2016,2599
189,2017,2604
189,2018,2602
189,2019,2616
189,2020,2624
189,2021,2646
189,2022,2672
189,2023,2683
189,2024,2725
189,2025,2763
190,2008,21188
190,2009,21210
190,2010,21494
190,2011,21483
190,2012,21532
190,2013,21413
190,2014,21255
190,2015,21264
190,2016,21306
190,2017,21261
190,2018,21243
190,2019,21340
190,2020,21492
190,2021,21528
190,2022,21477
190,2023,21675
190,2024,21788
190,2025,21823
191,2008,1404
191,2009,1326
191,2010,1343
191,2011,1326
191,2012,1355
191,2013,1340
191,2014,1335
191,2015,1324
191,2016,1301
191,2017,1300
191,2018,1296
191,2019,1293
191,2020,1309
191,2021,1303
191,2022,1309
191,2023,1293
191,2024,1288
191,2025,1318
192,2008,4256
192,2009,4264
192,2010,4321
192,2011,4355
192,2012,4402
192,2013,4401
192,2014,4389
192,2015,4370
192,2016,4381
192,2017,4392
192,2018,4411
192,2019,4398
192,2020,4394
192,2021,4465
192,2022,4479
192,2023,4509
192,2024,4535
192,2025,4525
193,2008,4601
193,2009,4527
193,2010,4519
193,2011,4536
193,2012,4566
193,2013,4568
193,2014,4560
193,2015,4548
193,2016,4592
193,2017,4606
193,2018,4621
193,2019,4628
193,2020,4702
193,2021,4741
193,2022,4719
193,2023,4681
193,2024,4663
193,2025,4691
194,2008,5278
194,2009,5419
194,2010,5391
194,2011,5446
194,2012,5472
194,2013,5522
194,2014,5476
194,2015,5498
194,2016,5515
194,2017,5545
194,2018,5565
194,2019,5603
194,2020,5642
194,2021,5661
194,2022,5700
194,2023,5768
194,2024,5756
194,2025,5810
195,2008,3646
195,2009,3629
195,2010,3611
195,2011,3637
195,2012,3633
195,2013,3610
195,2014,3623
195,2015,3591
195,2016,3581
195,2017,3544
195,2018,3546
195,2019,3516
195,2020,3533
195,2021,3556
195,2022,3556
195,2023,3536
195,2024,3580
195,2025,3563
196,2008,2326
196,2009,2283
196,2010,2313
196,2011,2299
196,2012,2296
196,2013,2312
196,2014,2343
196,2015,2339
196,2016,2287
196,2017,2344
196,2018,2324
196,2019,2391
196,2020,2345
196,2021,2378
196,2022,2363
196,2023,2366
196,2024,2378
196,2025,2364
197,2008,2467
197,2009,2413
197,2010,2421
197,2011,2404
197,2012,2413
197,2013,2416
197,2014,2399
197,2015,2455
197,2016,2419
197,2017,2425
197,2018,2437
197,2019,2450
197,2020,2432
197,2021,2446
197,2022,2453
197,2023,2472
197,2024,2464
197,2025,2448
198,2008,2106
198,2009,2089
198,2010,2102
198,2011,2071
198,2012,2080
198,2013,2037
198,2014,2023
198,2015,2036
198,2016,2039
198,2017,2025
198,2018,2019
198,2019,2015
198,2020,2010
198,2021,2051
198,2022,2048
198,2023,2038
198,2024,2028
198,2025,2058
199,2008,2968
199,2009,2892
199,2010,2915
199,2011,2932
199,2012,2964
199,2013,2981
199,2014,3032
199,2015,3029
199,2016,3032
199,2017,3045
199,2018,3033
199,2019,3057
199,2020,3089
199,2021,3164
199,2022,3164
199,2023,3229
199,2024,3223
199,2025,3270
200,2008,4298
200,2009,4525
200,2010,4572
200,2011,4567
200,2012,4577
200,2013,4556
200,2014,4469
200,2015,4453
200,2016,4421
200,2017,4432
200,2018,4360
200,2019,4431
200,2020,4449
200,2021,4467
200,2022,4493
200,2023,4432
200,2024,4396
200,2025,4398
201,2008,4272
201,2009,4229
201,2010,4296
201,2011,4304
201,2012,4286
201,2013,4309
201,2014,4324
201,2015,4297
201,2016,4323
201,2017,4365
201,2018,4307
201,2019,4354
201,2020,4371
201,2021,4383
201,2022,4377
201,2023,4384
201,2024,4417
201,2025,4414
202,2008,2274
202,2009,2142
202,2010,2146
202,2011,2130
202,2012,2135
202,2013,2110
202,2014,2059
202,2015,2039
202,2016,2042
202,2017,2019
202,2018,1977
202,2019,1957
202,2020,1902
202,2021,1919
202,2022,1904
202,2023,1911
202,2024,1867
202,2025,1839
203,2008,3823
203,2009,3792
203,2010,3796
203,2011,3847
203,2012,3858
203,2013,3890
203,2014,3842
203,2015,3807
203,2016,3821
203,2017,3837
203,2018,3873
203,2019,3912
203,2020,3936
203,2021,3881
203,2022,3881
203,2023,3878
203,2024,3905
203,2025,3980
204,2008,2272
204,2009,2197
204,2010,2130
204,2011,2110
204,2012,2118
204,2013,2100
204,2014,2087
204,2015,2052
204,2016,2054
204,2017,2071
204,2018,2065
204,2019,2078
204,2020,2101
204,2021,2193
204,2022,2194
204,2023,2168
204,2024,2222
204,2025,2270
205,2008,2207
205,2009,2073
205,2010,2096
205,2011,2090
205,2012,2115
205,2013,2112
205,2014,2071
205,2015,2052
205,2016,2051
205,2017,2006
205,2018,2011
205,2019,2015
205,2020,1988
205,2021,2007
205,2022,2015
205,2023,1979
205,2024,1978
205,2025,1988
206,2008,3059
206,2009,3164
206,2010,3189
206,2011,3168
206,2012,3160
206,2013,3224
206,2014,3244
206,2015,3265
206,2016,3293
206,2017,3296
206,2018,3310
206,2019,3378
206,2020,3462
206,2021,3521
206,2022,3522
206,2023,3544
206,2024,3583
206,2025,3607
207,2008,2884
207,2009,2904
207,2010,2909
207,2011,2935
207,2012,2908
207,2013,2874
207,2014,2846
207,2015,2815
207,2016,2822
207,2017,2816
207,2018,2792
207,2019,2762
207,2020,2738
207,2021,2769
207,2022,2779
207,2023,2793
207,2024,2744
207,2025,2732
208,2008,3484
208,2009,3538
208,2010,3575
208,2011,3581
208,2012,3631
208,2013,3660
208,2014,3620
208,2015,3636
208,2016,3606
208,2017,3653
208,2018,3631
208,2019,3669
208,2020,3656
208,2021,3620
208,2022,3681
208,2023,3764
208,2024,3812
208,2025,3860
209,2008,2297
209,2009,2287
209,2010,2310
209,2011,2290
209,2012,2295
209,2013,2306
209,2014,2338
209,2015,2350
209,2016,2328
209,2017,2308
209,2018,2267
209,2019,2314
209,2020,2322
209,2021,2355
209,2022,2324
209,2023,2318
209,2024,2328
209,2025,2326
210,2008,2148
210,2009,2114
210,2010,2124
210,2011,2079
210,2012,2091
210,2013,2109
210,2014,2076
210,2015,2083
210,2016,2076
210,2017,2097
210,2018,2055
210,2019,2075
210,2020,2098
210,2021,2114
210,2022,2118
210,2023,2132
210,2024,2186
210,2025,2180
211,2008,2404
211,2009,2807
211,2010,2812
211,2011,2823
211,2012,2828
211,2013,2845
211,2014,2890
211,2015,2900
211,2016,2923
211,2017,2853
211,2018,2908
211,2019,2947
211,2020,2969
211,2021,2898
211,2022,2935
211,2023,2939
211,2024,2995
211,2025,2936
212,2008,
212,2009,
212,2010,
212,2011,
212,2012,2609
212,2013,2577
212,2014,2554
212,2015,2523
212,2016,2515
212,2017,2555
212,2018,2575
212,2019,2616
212,2020,2649
212,2021,2683
212,2022,2694
212,2023,2714
212,2024,2753
212,2025,2822
213,2008,
213,2009,
213,2010,
213,2011,
213,2012,
213,2013,
213,2014,
213,2015,3219
213,2016,3235
213,2017,3229
213,2018,3209
213,2019,3206
213,2020,3224
213,2021,3261
213,2022,3282
213,2023,3388
213,2024,3325
213,2025,3446
