municipality_code,grid_cell_index,latitude,longitude,intersection_area_m2,normalized_intersection_weight
001,311,46,13.8,9225895.41188557,0.0376039425000929
001,312,46,13.9,16558360.632512,0.0674904292019854
001,344,45.9,13.7,627575.139473308,0.00255794136023258
001,345,45.9,13.8,57870452.6780975,0.235874901872183
001,346,45.9,13.9,82067316.4424875,0.33449920152623
001,347,45.9,14,41166725.8602581,0.167791972817287
001,348,45.9,14.1,19927518.5113349,0.0812228219392556
001,379,45.8,13.8,1830770.16592841,0.00746205901724907
001,380,45.8,13.9,10078277.479832,0.0410781772318107
001,381,45.8,14,2919234.74260705,0.0118985453990567
001,382,45.8,14.1,3071706.54725244,0.0125200071346172
002,97,46.7,16.2,205811.884349384,0.00330313241444828
002,98,46.7,16.3,783070.468478353,0.0125677166573971
002,130,46.6,16.1,98320.2404948069,0.00157796900019354
002,131,46.6,16.2,44392012.5174706,0.712459807423601
002,132,46.6,16.3,16828878.7001421,0.27009137450436
003,177,46.4,14,4996251.4876574,0.0689866884035467
003,178,46.4,14.1,23493117.8363298,0.324385672700113
003,179,46.4,14.2,17805.1154808226,0.000245847503212973
003,211,46.3,14,13957988.5775484,0.192727570082962
003,212,46.3,14.1,29723287.9302765,0.410409925889522
003,213,46.3,14.2,234962.950054484,0.00324429542064283
004,175,46.4,13.8,7757417.7779887,0.0232417253138621
004,176,46.4,13.9,10348399.46934,0.0310044740128557
004,177,46.4,14,29414.5128590712,8.81277826819387e-05
004,208,46.3,13.7,6786806.9453693,0.0203337124925843
004,209,46.3,13.8,81251002.9797288,0.243433259207584
004,210,46.3,13.9,85637426.680237,0.25657526827234
004,211,46.3,14,71092586.9517175,0.212997987870659
004,212,46.3,14.1,32234280.3214964,0.0965759883460204
004,213,46.3,14.2,5258666.27328954,0.0157553042183523
004,243,46.2,13.8,5207847.50685199,0.0156030479077946
004,244,46.2,13.9,17792809.0275466,0.0533084064588647
004,245,46.2,14,6742024.13831269,0.020199540306661
004,246,46.2,14.1,3632484.28134437,0.0108831578097392
005,316,46,14.3,879283.822361185,0.0207847655563915
005,317,46,14.4,2188135.54526147,0.0517237815108857
005,350,45.9,14.3,3544807.67162079,0.0837931900069364
005,351,45.9,14.4,35692018.3454633,0.843698262925786
006,171,46.4,13.4,1119174.0079714,0.0030459998744271
006,172,46.4,13.5,20913900.9582835,0.0569203173402685
006,173,46.4,13.6,66936207.9151953,0.182176926422617
006,174,46.4,13.7,71033534.5609403,0.193328415252355
006,175,46.4,13.8,39227483.0981296,0.106763477117892
006,205,46.3,13.4,13697423.8563233,0.0372795928507677
006,206,46.3,13.5,60385743.8788921,0.164348856354956
006,207,46.3,13.6,47256152.9360933,0.128614705920624
006,208,46.3,13.7,45242193.3265853,0.123133412865238
006,209,46.3,13.8,1612366.06234734,0.0043882960008539
007,274,46.1,13.5,6068691.76162613,0.084303130394871
007,275,46.1,13.6,1143646.82517686,0.0158869507985575
007,308,46,13.5,35904132.8659781,0.498761662909747
007,309,46,13.6,28870081.5162572,0.401048255896825
008,317,46,14.4,43855692.4691581,0.481159099927028
008,318,46,14.5,2368428.84751567,0.0259850210622777
008,351,45.9,14.4,31757957.3918763,0.348429800873452
008,352,45.9,14.5,13163848.8563847,0.144426078137243
009,296,46.1,15.7,265308.660236873,0.000990051270681085
009,328,46,15.5,420603.57429313,0.00156956468292491
009,329,46,15.6,53885919.1313127,0.20108586979461
009,330,46,15.7,49915021.2931983,0.186267686148212
009,362,45.9,15.5,26639360.4635551,0.0994099953372297
009,363,45.9,15.6,84252279.571785,0.314403896101055
009,364,45.9,15.7,37661501.3338848,0.140541274521833
009,396,45.8,15.5,656046.570535166,0.00244816637423145
009,397,45.8,15.6,9922310.60196591,0.0370270469527759
009,398,45.8,15.7,4356316.46907935,0.0162564488164474
010,95,46.7,16,3669369.09724436,0.0945853524453062
010,96,46.7,16.1,21963052.9710805,0.566141767423905
010,129,46.6,16,332814.246738941,0.00857895512617206
010,130,46.6,16.1,12829027.3037789,0.330693925004617
011,223,46.3,15.2,18715741.6233885,0.197176211765609
011,224,46.3,15.3,27758255.2733996,0.29244193097814
011,225,46.3,15.4,235357.544980694,0.00247956560117041
011,257,46.2,15.2,16696070.3534795,0.175898341081883
011,258,46.2,15.3,31508858.7862332,0.331955716078227
011,259,46.2,15.4,4578.36336904311,4.82344949700642e-05
012,215,46.3,14.4,1698236.60203939,0.0217727326871181
012,216,46.3,14.5,37633644.9521045,0.482493011044569
012,217,46.3,14.6,3468142.47714633,0.044464321982618
012,249,46.2,14.4,1714860.26878228,0.0219858612063351
012,250,46.2,14.5,32577286.6453534,0.417666509454052
012,251,46.2,14.6,906150.461613526,0.0116175636253083
013,350,45.9,14.3,18909373.4210123,0.0784755593476089
013,351,45.9,14.4,15299035.1174076,0.0634923385130864
013,352,45.9,14.5,10432907.0645605,0.0432974800002217
013,384,45.8,14.3,63253019.4537151,0.262505582365814
013,385,45.8,14.4,85516692.6201904,0.354901780059495
013,386,45.8,14.5,17544141.2944365,0.0728097261977218
013,418,45.7,14.3,1910221.76517447,0.00792758798308284
013,419,45.7,14.4,26541201.9895784,0.110148317742542
013,420,45.7,14.5,1552166.64068384,0.00644162779042746
014,244,46.2,13.9,8906318.59953955,0.0676283084905559
014,245,46.2,14,20991072.0835959,0.15939141212513
014,246,46.2,14.1,3319340.97361974,0.025204736709161
014,278,46.1,13.9,38630578.4176892,0.293333395297038
014,279,46.1,14,58085144.6793076,0.441057664756555
014,280,46.1,14.1,1762671.12365015,0.0133844826215592
015,131,46.6,16.2,567717.241438751,0.0168715122925913
015,132,46.6,16.3,19603262.760692,0.582572915706657
015,165,46.5,16.2,41410.7374281561,0.00123065095538372
015,166,46.5,16.3,13437067.0916782,0.399324921045368
016,150,46.5,14.7,21779876.5968145,0.13981203732308
016,151,46.5,14.8,45876832.2231811,0.294498150645637
016,152,46.5,14.9,39004942.1021831,0.250385276368949
016,153,46.5,15,3056962.99964649,0.0196236293214058
016,184,46.4,14.7,3089430.68506732,0.0198320498432427
016,185,46.4,14.8,22045103.1895538,0.141514612180118
016,186,46.4,14.9,20246928.6467768,0.129971551081006
016,187,46.4,15,679619.023807519,0.00436269323656082
017,460,45.6,15.1,36438246.4073182,0.107244770119968
017,461,45.6,15.2,53768775.0686832,0.158251850470913
017,462,45.6,15.3,12839750.6658472,0.0377898566567665
017,494,45.5,15.1,60775909.6076249,0.178875195634898
017,495,45.5,15.2,86551755.5725999,0.254738469741477
017,496,45.5,15.3,65332638.6218384,0.192286525866481
017,497,45.5,15.4,5128870.41213821,0.0150952524492067
017,528,45.4,15.1,2004958.45911877,0.00590097851155355
017,529,45.4,15.2,16926212.6541221,0.0498171005487366
018,161,46.5,15.8,5167644.96385154,0.150371759006656
018,162,46.5,15.9,29181111.0060821,0.849132442814454
018,196,46.4,15.9,17038.4983134385,0.00049579817888923
019,381,45.8,14,7910177.02595832,0.0545145711227194
019,382,45.8,14.1,183117.707847736,0.00126199240238689
019,414,45.7,13.9,451245.50574263,0.00310984888655306
019,415,45.7,14,73928610.7446662,0.509493845108439
019,416,45.7,14.1,26900805.169157,0.185392292971441
019,448,45.6,13.9,172613.165530892,0.00118959824264003
019,449,45.6,14,20888576.6306645,0.143957814426634
019,450,45.6,14.1,14666922.4158151,0.101080036839187
020,353,45.9,14.6,2379121.62546697,0.0230553087089207
020,354,45.9,14.7,27417253.339229,0.265691855733748
020,355,45.9,14.8,3637942.0984961,0.035254136336785
020,387,45.8,14.6,371365.32692414,0.00359878291398607
020,388,45.8,14.7,31880717.8209412,0.308945866136423
020,389,45.8,14.8,31350923.2464936,0.303811795925194
020,423,45.7,14.8,6154598.86732478,0.0596422542449442
021,281,46.1,14.2,15915330.5331483,0.135363403782335
021,282,46.1,14.3,42418733.0143556,0.360780699652956
021,283,46.1,14.4,22993302.4838797,0.19556311959291
021,315,46,14.2,12130151.9691506,0.103169623497377
021,316,46,14.3,8889765.62381935,0.0756094214418645
021,317,46,14.4,15227556.3134792,0.129513732032557
022,285,46.1,14.6,9219139.20963634,0.27668352539832
022,286,46.1,14.7,23961798.819811,0.719138177826923
022,287,46.1,14.8,139221.515159618,0.00417829677475693
023,251,46.2,14.6,21696372.7296436,0.300201170896208
023,252,46.2,14.7,6781072.4582369,0.0938260932950049
023,285,46.1,14.6,33471819.5463996,0.463131766082116
023,286,46.1,14.7,10323513.7657911,0.142840969726671
024,162,46.5,15.9,100251.27668953,0.00352869517420512
024,163,46.5,16,12121329.046014,0.426652674380245
024,196,46.4,15.9,2815449.69572783,0.0990996232925741
024,197,46.4,16,13373266.6324016,0.470719007152976
025,85,46.7,15,154430.467880889,0.0014716483825997
025,86,46.7,15.1,281146.49162936,0.00267919138857397
025,118,46.6,14.9,5273380.60121329,0.0502527910398731
025,119,46.6,15,54170964.4878913,0.516223342235541
025,120,46.6,15.1,40060659.0723765,0.381758890837606
025,153,46.5,15,3996105.91923231,0.0380809751691691
025,154,46.5,15.1,1000381.96812495,0.00953316094663707
026,160,46.5,15.7,10466074.7870521,0.262896214792979
026,161,46.5,15.8,29344596.4898005,0.737103785207021
027,246,46.2,14.1,12824671.7371904,0.0836946266411508
027,247,46.2,14.2,15847909.0248086,0.103424466220673
027,279,46.1,14,8456362.92462414,0.0551867644039626
027,280,46.1,14.1,62867392.3011119,0.410276616381997
027,281,46.1,14.2,50271956.2329703,0.328077996354273
027,315,46,14.2,2963429.47843702,0.019339529997943
028,197,46.4,16,28537262.0483166,0.979435320380742
028,198,46.4,16.1,599181.629478422,0.0205646796192584
029,94,46.7,15.9,8566629.19259651,0.114888983782519
029,95,46.7,16,18234607.4698641,0.244548406938908
029,128,46.6,15.9,18036524.7472975,0.241891875158565
029,129,46.6,16,29726647.7316163,0.398670734120007
030,218,46.3,14.7,19447723.219906,0.216006418759129
030,219,46.3,14.8,63268474.2028352,0.702724754891633
030,220,46.3,14.9,7316558.69032466,0.0812652269094589
030,253,46.2,14.8,324.068650174491,3.59943977836163e-06
031,28,46.9,16.1,687755.382028823,0.0102895137050671
031,29,46.9,16.2,2074683.16936571,0.0310393512906976
031,62,46.8,16.1,3764652.48336601,0.0563229955513254
031,63,46.8,16.2,53098418.857549,0.794405864103069
031,64,46.8,16.3,5743422.53144655,0.0859273898765852
031,97,46.7,16.2,1471484.11508736,0.022014885473256
032,319,46,14.6,19896868.5924071,0.14866351033601
032,320,46,14.7,32459403.6886227,0.242527052603934
032,353,45.9,14.6,27661740.4360613,0.206680333446929
032,354,45.9,14.7,53664126.0521985,0.400962459041339
032,355,45.9,14.8,156141.70341089,0.00116664457178781
033,29,46.9,16.2,11945866.3109417,0.205382879803988
033,30,46.9,16.3,8679227.13930853,0.149220208727047
033,63,46.8,16.2,6912675.92581299,0.118848248577399
033,64,46.8,16.3,30626116.1549143,0.526548662891566
034,256,46.2,15.1,12332004.9790099,0.210658454412682
034,257,46.2,15.2,112218.913667879,0.00191695210546725
034,290,46.1,15.1,36941104.1783166,0.631037363652349
034,291,46.1,15.2,9154952.27707735,0.156387229829502
035,448,45.6,13.9,43959643.7700658,0.225723163897007
035,449,45.6,14,65412351.8610729,0.335878131707697
035,450,45.6,14.1,28251135.5127715,0.145063406905227
035,482,45.5,13.9,172574.918977966,0.000886134494736324
035,483,45.5,14,23063887.0167503,0.118428019490208
035,484,45.5,14.1,33890662.1051762,0.174021143505124
036,278,46.1,13.9,9774648.40082328,0.0333102776659819
036,279,46.1,14,17701028.8292547,0.0603219840855209
036,280,46.1,14.1,1406047.25826275,0.0047915610530073
036,312,46,13.9,60050014.6265798,0.204639858032047
036,313,46,14,86096919.9145984,0.293403117016417
036,314,46,14.1,53679218.4896743,0.182929308499052
036,346,45.9,13.9,1276522.00062026,0.00435016182104455
036,347,45.9,14,29709394.4281074,0.10124437597214
036,348,45.9,14.1,33748623.3996121,0.115009355854789
037,317,46,14.4,113650.449124882,0.00115326221169489
037,318,46,14.5,33700107.8945227,0.341970148504103
037,319,46,14.6,1338415.27901694,0.0135815016722831
037,352,45.9,14.5,48488404.0918846,0.492033639771335
037,353,45.9,14.6,14906351.138565,0.151261447840584
038,418,45.7,14.3,9087537.21362166,0.0189344997441213
038,419,45.7,14.4,5285005.75662479,0.0110116677152633
038,450,45.6,14.1,32503955.3692494,0.067724194152346
038,451,45.6,14.2,68382351.7054902,0.142479264781355
038,452,45.6,14.3,86368831.9079358,0.179955315419184
038,453,45.6,14.4,75014697.9297016,0.156298207684501
038,454,45.6,14.5,14001368.3299582,0.0291727999378709
038,484,45.5,14.1,24304812.9952003,0.0506407252724892
038,485,45.5,14.2,55196535.360558,0.115005722682962
038,486,45.5,14.3,58016398.6373765,0.120881098952491
038,487,45.5,14.4,43906612.7910997,0.0914824037707563
038,488,45.5,14.5,7877881.41033089,0.0164140998866602
039,320,46,14.7,11842162.9643603,0.0521663501202457
039,321,46,14.8,45292056.8000026,0.199517714779449
039,322,46,14.9,22869137.2904209,0.100741682615791
039,354,45.9,14.7,5157425.1977822,0.022719164513796
039,355,45.9,14.8,82072063.4669627,0.361538682653983
039,356,45.9,14.9,22827096.418099,0.100556486814019
039,389,45.8,14.8,34368027.3142186,0.151395868407773
039,390,45.8,14.9,2579726.83251297,0.0113640500949426
040,479,45.5,13.6,9194574.39881396,0.322212404551134
040,480,45.5,13.7,19341181.1119731,0.677787595448866
041,143,46.5,14,13159312.0148875,0.173365157957009
041,144,46.5,14.1,23171058.8188252,0.305263243824007
041,177,46.4,14,9964998.25339722,0.131282204896964
041,178,46.4,14.1,29511144.5387643,0.388789644068544
041,179,46.4,14.2,98657.689752388,0.00129974925347514
042,162,46.5,15.9,5324639.16617458,0.147059589486442
042,163,46.5,16,29968664.0616683,0.827695416876918
042,197,46.4,16,914054.515838793,0.02524499363664
043,182,46.4,14.5,1024005.81890134,0.00385515624190756
043,183,46.4,14.6,8218744.04640113,0.0309417601211666
043,216,46.3,14.5,3249320.93101275,0.0122329772330734
043,217,46.3,14.6,79440027.0299542,0.299074195096289
043,218,46.3,14.7,24271214.5376959,0.0913757739424441
043,219,46.3,14.8,2078994.82256573,0.00782695734649924
043,220,46.3,14.9,14911.6745942664,5.61391686729462e-05
043,251,46.2,14.6,42365820.052078,0.159497976088198
043,252,46.2,14.7,41920328.9659577,0.157820800324477
043,253,46.2,14.8,45189112.0509597,0.170127048278329
043,254,46.2,14.9,17847317.2054295,0.0671912161589437
044,242,46.2,13.7,4244865.13720761,0.0289807681956812
044,274,46.1,13.5,2274455.17915622,0.0155282809201222
044,275,46.1,13.6,50552868.3374321,0.345137221456621
044,276,46.1,13.7,60395558.4973907,0.412335757270485
044,277,46.1,13.8,6341232.60086465,0.0432931992278668
044,309,46,13.6,22428297.1934187,0.153123659050779
044,310,46,13.7,234518.023725986,0.00160111387844538
045,194,46.4,15.7,35010292.8921625,0.490278925021166
045,195,46.4,15.8,36398635.9959211,0.509721074978834
046,205,46.3,13.4,19709784.6753015,0.102411792670218
046,206,46.3,13.5,25264673.8166341,0.131274926612065
046,207,46.3,13.6,38390642.147222,0.199477292564469
046,208,46.3,13.7,19757132.5820323,0.102657811796625
046,239,46.2,13.4,12183845.0232484,0.0633071051258396
046,240,46.2,13.5,26178919.3420621,0.136025334835303
046,241,46.2,13.6,43612445.0382144,0.226609714549129
046,242,46.2,13.7,7358759.55085073,0.0382360218463513
047,99,46.7,16.4,19734048.8088275,1
048,389,45.8,14.8,1622453.72493456,0.00292012253644211
048,390,45.8,14.9,9683343.46074451,0.0174282625342487
048,391,45.8,15,4483807.88367533,0.00807004122766287
048,423,45.7,14.8,43884668.1546674,0.0789844459125613
048,424,45.7,14.9,85373405.6667205,0.153656651076603
048,425,45.7,15,31113336.1002665,0.0559983637955222
048,456,45.6,14.7,22185090.0077299,0.0399291396167132
048,457,45.6,14.8,83806481.6334698,0.150836471917057
048,458,45.6,14.9,86696457.4467315,0.156037904396999
048,459,45.6,15,80212462.9697518,0.144367889956891
048,460,45.6,15.1,11675395.4954045,0.0210135950160183
048,491,45.5,14.8,22242666.8228809,0.0400327674446845
048,492,45.5,14.9,16624169.9227484,0.0299204917188123
048,493,45.5,15,44569064.2776058,0.0802162348454176
048,494,45.5,15.1,11438717.7599105,0.020587618004367
049,344,45.9,13.7,2666185.80744809,0.0259766316345758
049,345,45.9,13.8,195767.455021172,0.00190736108898231
049,377,45.8,13.6,8375632.81120832,0.0816037380573526
049,378,45.8,13.7,40471892.9268804,0.394317399477056
049,379,45.8,13.8,41444371.1419441,0.403792248639777
049,380,45.8,13.9,9484007.0267587,0.0924026211022563
050,446,45.6,13.7,3257710.94530886,0.0107374094490681
050,447,45.6,13.8,27197992.8479744,0.0896445357811936
050,448,45.6,13.9,19110376.4872426,0.0629877667215537
050,449,45.6,14,345749.638500944,0.00113959019009893
050,480,45.5,13.7,45807276.0607164,0.150980699966238
050,481,45.5,13.8,80180164.8893399,0.26427368006679
050,482,45.5,13.9,85337204.5869521,0.281271273686353
050,483,45.5,14,26666882.9244285,0.0878939984231178
050,514,45.4,13.7,762266.990848009,0.00251243063846111
050,515,45.4,13.8,5493916.29650604,0.0181079382869864
050,516,45.4,13.9,9174939.16972126,0.0302405830933075
050,517,45.4,14,63742.0542596557,0.000210093696832193
051,294,46.1,15.5,42273968.2641424,0.470722826166021
051,295,46.1,15.6,22438476.48145,0.24985359780305
051,328,46,15.5,1719879.63122865,0.0191509487734567
051,329,46,15.6,23251948.2399989,0.258911647967581
051,330,46,15.7,122224.783058917,0.00136097928989136
052,181,46.4,14.4,7829.29586440437,5.18795487054019e-05
052,213,46.3,14.2,13037567.1704144,0.0863913067958786
052,214,46.3,14.3,29738582.6692845,0.197057854849395
052,215,46.3,14.4,38183563.7262051,0.253017140798801
052,247,46.2,14.2,1479053.3493141,0.00980070514674137
052,248,46.2,14.3,35374581.0293023,0.234403876316212
052,249,46.2,14.4,33091775.1613995,0.219277236544265
053,140,46.5,13.7,27075472.0617994,0.10559454860394
053,141,46.5,13.8,53492250.3850783,0.208620186578046
053,142,46.5,13.9,57243677.9125557,0.223250782693978
053,143,46.5,14,22241318.290976,0.0867413118386855
053,174,46.4,13.7,10849780.9987665,0.0423142290705537
053,175,46.4,13.8,38276891.798467,0.149280171448001
053,176,46.4,13.9,42099317.5186614,0.164187661059807
053,177,46.4,14,5131043.428709,0.02001110870699
054,293,46.1,15.4,6845972.2336283,0.0238865451338631
054,294,46.1,15.5,10382878.6954478,0.0362273015598831
054,327,46,15.4,44913715.6701636,0.156710173496608
054,328,46,15.5,83946914.9652888,0.292902411043551
054,329,46,15.6,4018764.08680992,0.014022024405883
054,360,45.9,15.3,2964297.00744267,0.0103428427463731
054,361,45.9,15.4,57070569.3207338,0.199127119329912
054,362,45.9,15.5,59519407.8179538,0.207671455954892
054,363,45.9,15.6,1870470.77291023,0.00652633154414832
054,396,45.8,15.5,15070710.1851156,0.0525837947848854
055,90,46.7,15.5,326752.741320048,0.00667433801505374
055,91,46.7,15.6,20433640.4230192,0.417382949903743
055,124,46.6,15.5,687603.808099122,0.0140451774548283
055,125,46.6,15.6,26363489.871589,0.53850762490492
055,126,46.6,15.7,1145089.91056132,0.0233899097214552
056,28,46.9,16.1,5844943.50909015,0.25571464843784
056,62,46.8,16.1,17012345.0537547,0.74428535156216
057,256,46.2,15.1,6409493.79691369,0.0324430456084633
057,257,46.2,15.2,34720147.8547134,0.175743572905157
057,258,46.2,15.3,25090986.8626876,0.127003482168826
057,259,46.2,15.4,4088426.40587352,0.0206944586507705
057,290,46.1,15.1,1167925.20003627,0.00591170718509718
057,291,46.1,15.2,48623554.7365815,0.246118687988141
057,292,46.1,15.3,66323697.2711811,0.335711805591723
057,293,46.1,15.4,11137176.6949156,0.0563732399018228
058,127,46.6,15.8,33560733.4937205,0.540329918501485
058,128,46.6,15.9,4789734.87932427,0.0771150325863183
058,161,46.5,15.8,22163330.2199165,0.356831009479863
058,162,46.5,15.9,1597760.18726627,0.0257240394323335
059,132,46.6,16.3,1683519.09171654,0.0138942373184098
059,133,46.6,16.4,51234734.1053551,0.422844955015982
059,134,46.6,16.5,15339674.8522946,0.126599742072251
059,166,46.5,16.3,1642401.93447504,0.0135548936522865
059,167,46.5,16.4,12921296.8385383,0.10664064673791
059,168,46.5,16.5,34553627.7510231,0.285174255847133
059,169,46.5,16.6,3791460.31247927,0.0312912693560288
060,286,46.1,14.7,5468222.96937436,0.0247041299253463
060,287,46.1,14.8,54962007.7611421,0.248305269974113
060,288,46.1,14.9,44948640.0469756,0.203067257847234
060,289,46.1,15,25022513.0179707,0.113045758396597
060,290,46.1,15.1,2207095.26456095,0.00997113111127739
060,321,46,14.8,780287.397287801,0.00352515275065926
060,322,46,14.9,14627048.2719012,0.0660815228195975
060,323,46,15,61988587.5838995,0.280049685270346
060,324,46,15.1,11344132.7657931,0.0512500919048287
061,283,46.1,14.4,15030351.7073587,0.0546560848111608
061,284,46.1,14.5,71416160.3091596,0.25969636577658
061,285,46.1,14.6,35947351.9754226,0.130718266382511
061,286,46.1,14.7,20071721.424316,0.0729884256757816
061,317,46,14.4,7101774.13964668,0.0258247562827289
061,318,46,14.5,46391050.0758804,0.168695531335088
061,319,46,14.6,39718149.3152052,0.144430322043055
061,320,46,14.7,39091075.0248059,0.142150041031255
061,321,46,14.8,231055.731085404,0.000840206661839174
062,185,46.4,14.8,30376230.5713845,0.384070127527615
062,186,46.4,14.9,26004860.4638173,0.328799521428604
062,219,46.3,14.8,14294721.2228971,0.180739193105208
062,220,46.3,14.9,8414511.08187607,0.106391157938573
063,131,46.6,16.2,10306908.2900539,0.0961835739759661
063,163,46.5,16,9034688.00552254,0.0843112752800484
063,164,46.5,16.1,33243620.4355709,0.310227871968087
063,165,46.5,16.2,52124098.7258938,0.486419590108367
063,166,46.5,16.3,2449400.56893419,0.0228576886675317
064,314,46,14.1,12091849.8932879,0.0698750704452458
064,315,46,14.2,40117410.8361949,0.231826141822685
064,348,45.9,14.1,25228873.8082511,0.145789879146971
064,349,45.9,14.2,69314419.6663844,0.400546649173047
064,350,45.9,14.3,26220284.3802902,0.151518935012926
064,384,45.8,14.3,76717.0902882537,0.000443324399124541
065,419,45.7,14.4,28093131.6997244,0.16841705458139
065,420,45.7,14.5,75737045.1152427,0.454040161750004
065,421,45.7,14.6,6233048.77962653,0.0373668456670185
065,453,45.6,14.4,9251650.05939358,0.0554632238824444
065,454,45.6,14.5,46331525.2237188,0.277755399285678
065,455,45.6,14.6,1160528.32285173,0.00695731483346468
066,420,45.7,14.5,1970611.83857641,0.0146511582521107
066,421,45.7,14.6,57745843.3801589,0.429330359841691
066,422,45.7,14.7,23379848.623196,0.17382513155726
066,455,45.6,14.6,16696242.1216465,0.124133672979715
066,456,45.6,14.7,34709573.5731158,0.258059677369223
067,183,46.4,14.6,1394512.29442917,0.0126777656156213
067,184,46.4,14.7,25310445.2816124,0.230101874461163
067,185,46.4,14.8,32975034.9405014,0.2997820570049
067,217,46.3,14.6,2431577.80371778,0.0221059173123317
067,218,46.3,14.7,41904499.9063309,0.380961451666334
067,219,46.3,14.8,5980622.93761075,0.0543709339396495
068,251,46.2,14.6,264301.511149529,0.00353293460663931
068,252,46.2,14.7,32568080.5878148,0.435339542630965
068,253,46.2,14.8,28262900.9831882,0.377791941231221
068,254,46.2,14.9,12252722.027076,0.163782891314981
068,286,46.1,14.7,1462751.54979283,0.0195526902161928
069,194,46.4,15.7,11848144.2195159,0.162551683612052
069,195,46.4,15.8,6789061.37201453,0.0931431400327438
069,228,46.3,15.7,34341774.2055933,0.471155069681642
069,229,46.3,15.8,19909494.5406309,0.273150106673562
070,124,46.6,15.5,9582008.85693519,0.0649661154963504
070,125,46.6,15.6,56482982.6404757,0.38295518492906
070,126,46.6,15.7,23568765.5282512,0.159796465049868
070,127,46.6,15.8,2210841.33133465,0.0149895262486255
070,158,46.5,15.5,80478.560992006,0.00054564544517224
070,159,46.5,15.6,30048936.9873248,0.203732092091334
070,160,46.5,15.7,25457279.4799557,0.1726006084539
070,161,46.5,15.8,61115.2915812941,0.000414362285690209
071,249,46.2,14.4,15518541.0330957,0.199848033177052
071,250,46.2,14.5,4196820.19719059,0.0540467212876233
071,282,46.1,14.3,8099449.17668456,0.104304843111596
071,283,46.1,14.4,47015048.8673401,0.605460592321325
071,284,46.1,14.5,2821848.30765609,0.036339810102404
072,250,46.2,14.5,3545340.43080093,0.157849885396645
072,251,46.2,14.6,12221959.5676081,0.544160696193999
072,284,46.1,14.5,4434101.36710479,0.197420362387169
072,285,46.1,14.6,2258801.38909827,0.100569056022188
073,427,45.7,15.2,7727362.44795819,0.0711181433114625
073,428,45.7,15.3,43306739.1154563,0.398570003608274
073,429,45.7,15.4,12944802.9724337,0.11913642709686
073,461,45.6,15.2,8161611.9358064,0.0751147226770232
073,462,45.6,15.3,32940593.2411027,0.303166034550941
073,463,45.6,15.4,3574179.75558763,0.0328946687554398
074,118,46.6,14.9,2193.70486222683,8.2909164600701e-05
074,151,46.5,14.8,10416189.5752453,0.39367081273161
074,152,46.5,14.9,16040752.7248436,0.606246278103789
075,343,45.9,13.6,23434526.5372557,0.373442472175309
075,344,45.9,13.7,8465325.97600159,0.134899770866806
075,377,45.8,13.6,17150761.4293556,0.273307111098883
075,378,45.8,13.7,13702094.3948969,0.218350645859003
076,154,46.5,15.1,93753.9139042158,0.000836540979513092
076,155,46.5,15.2,31041194.4973976,0.276972236877907
076,156,46.5,15.3,24078976.9036015,0.214850240227743
076,188,46.4,15.1,6002881.36913411,0.0535620973175236
076,189,46.4,15.2,46098852.3382547,0.411327671385235
076,190,46.4,15.3,4757647.84521515,0.0424512132120776
077,252,46.2,14.7,4508201.04084972,0.0734151296557462
077,253,46.2,14.8,8230092.78898834,0.134025373692855
077,286,46.1,14.7,23222312.4961108,0.378170597841592
077,287,46.1,14.8,25446368.8028741,0.414388898809807
078,63,46.8,16.2,2065417.71134066,0.0143022103691254
078,64,46.8,16.3,15463884.8320701,0.107081358302401
078,97,46.7,16.2,48024116.3409046,0.332548235123411
078,98,46.7,16.3,72676102.5090434,0.503253603949087
078,99,46.7,16.4,5060110.5592109,0.0350392878455039
078,131,46.6,16.2,4521.9403350202,3.13126693903059e-05
078,132,46.6,16.3,1118329.07541565,0.00774399174108086
079,186,46.4,14.9,19521377.6061903,0.365048708490102
079,187,46.4,15,16619326.5397198,0.310780510048438
079,220,46.3,14.9,2488142.63502709,0.0465281330948578
079,221,46.3,15,14847243.2645084,0.277642648366602
080,96,46.7,16.1,14515645.386576,0.225511695290682
080,97,46.7,16.2,17075308.4445433,0.265278026046391
080,130,46.6,16.1,15040199.8642229,0.233661051821249
080,131,46.6,16.2,17736440.9336878,0.275549226841678
081,86,46.7,15.1,2964046.63791784,0.0761712567066228
081,87,46.7,15.2,706874.803629837,0.0181655515935321
081,120,46.6,15.1,24373143.5040675,0.62635079584977
081,121,46.6,15.2,10868863.1859767,0.279312395850075
082,214,46.3,14.3,28239785.3759504,0.999841545829202
082,248,46.2,14.3,4475.42092436076,0.000158454170797628
083,220,46.3,14.9,34075286.0927596,0.781550738109009
083,221,46.3,15,6938406.3478451,0.159139283165426
083,254,46.2,14.9,2585890.3263517,0.059309978725565
084,276,46.1,13.7,10517012.6485223,0.0376122022443761
084,277,46.1,13.8,21728497.7314568,0.0777080601169427
084,309,46,13.6,10709161.277328,0.0382993872206759
084,310,46,13.7,85871162.4614233,0.307102752216669
084,311,46,13.8,69448403.6215254,0.248369711995058
084,312,46,13.9,2365132.55828216,0.00845847077395747
084,343,45.9,13.6,1683563.80990909,0.00602096285569363
084,344,45.9,13.7,42093296.6862438,0.150539097080764
084,345,45.9,13.8,28189816.6418748,0.100815803897987
084,379,45.8,13.8,7010992.27279842,0.0250735515978772
085,358,45.9,15.1,3534700.5572642,0.0149925713252464
085,359,45.9,15.2,13259626.3481941,0.056241226251222
085,360,45.9,15.3,30190.2084755569,0.000128052955706147
085,392,45.8,15.1,32736897.5657737,0.138854837565654
085,393,45.8,15.2,86391330.4837692,0.366432223374342
085,394,45.8,15.3,33331766.1426584,0.141377996012489
085,426,45.7,15.1,19594953.2479054,0.0831127642708923
085,427,45.7,15.2,41381416.1765921,0.175520902977834
085,428,45.7,15.3,5502583.76007913,0.0233394252666147
086,132,46.6,16.3,6927775.1319305,1
087,163,46.5,16,1070781.43369919,0.00755340746480402
087,164,46.5,16.1,13755666.0860656,0.0970339488787106
087,165,46.5,16.2,28982283.3687591,0.204444145793949
087,166,46.5,16.3,2505474.53606788,0.0176738870025347
087,197,46.4,16,6535343.36229247,0.0461010153745952
087,198,46.4,16.1,45472120.0056944,0.320765227974588
087,199,46.4,16.2,39700664.0520282,0.28005275658572
087,200,46.4,16.3,3739042.8905985,0.0263756109250987
088,456,45.6,14.7,14160058.2764981,0.391051854590207
088,457,45.6,14.8,5169.86923497611,0.000142773914686617
088,490,45.5,14.7,11401801.7736835,0.314878345993045
088,491,45.5,14.8,10643150.6750132,0.293927025502061
089,92,46.7,15.7,11493580.7907188,0.151491652195188
089,93,46.7,15.8,77880.0235871694,0.00102650111058058
089,125,46.6,15.6,619710.672877057,0.00816812405346704
089,126,46.6,15.7,58730453.2832639,0.774099348502298
089,127,46.6,15.8,4947775.45175148,0.0652143741384663
090,479,45.5,13.6,29266640.3393239,0.672776417632346
090,480,45.5,13.7,13951039.9851419,0.320704071072962
090,514,45.4,13.7,283607.13492515,0.00651951129469217
091,384,45.8,14.3,681540.562492947,0.00305264799557896
091,416,45.7,14.1,38874350.8002427,0.174119803839294
091,417,45.7,14.2,55226141.2610382,0.247360140689812
091,418,45.7,14.3,69475441.6775432,0.311183338821613
091,419,45.7,14.4,26629013.1535421,0.119272436742527
091,450,45.6,14.1,11284821.1238423,0.0505451743886788
091,451,45.6,14.2,18322277.5436668,0.0820662289175118
091,452,45.6,14.3,333851.630052697,0.00149533507671699
091,453,45.6,14.4,2434649.28807541,0.0109048935282675
092,260,46.2,15.5,1320173.67568689,0.02178656226075
092,261,46.2,15.6,25778163.7207147,0.425411882703194
092,294,46.1,15.5,4638565.99139992,0.0765493272842687
092,295,46.1,15.6,28858873.9490056,0.476252227751787
093,88,46.7,15.3,310760.28452715,0.00299210670232522
093,89,46.7,15.4,985676.248835707,0.00949042930293251
093,122,46.6,15.3,39243506.3829152,0.377849951610546
093,123,46.6,15.4,55056294.0532803,0.530100899774457
093,156,46.5,15.3,8263790.5774713,0.0795666126097388
094,348,45.9,14.1,7342979.10608786,0.0272099943307308
094,349,45.9,14.2,16244100.9475937,0.0601938107552823
094,350,45.9,14.3,574283.226635265,0.00212805226805345
094,381,45.8,14,841684.622668881,0.00311892945359139
094,382,45.8,14.1,77893746.7606771,0.288641486940934
094,383,45.8,14.2,86399030.2687977,0.320158492871857
094,384,45.8,14.3,22385828.1762303,0.0829524705114492
094,416,45.7,14.1,20779002.6579018,0.0769982504854186
094,417,45.7,14.2,31325823.9494148,0.116080337388182
094,418,45.7,14.3,6076829.21510593,0.0225181749945011
095,181,46.4,14.4,2251177.02446562,0.0258820276340693
095,182,46.4,14.5,8638193.83720808,0.0993142561305851
095,215,46.3,14.4,32243561.8711791,0.370707745459859
095,216,46.3,14.5,43560889.9711831,0.500824300241979
095,217,46.3,14.6,284564.626882609,0.00327167053350797
096,161,46.5,15.8,15779659.1175724,0.237001898797962
096,162,46.5,15.9,10106442.8273038,0.15179327527403
096,195,46.4,15.8,3642556.44932379,0.0547092170075541
096,196,46.4,15.9,37051648.3358494,0.556495608920454
097,62,46.8,16.1,21159785.4052498,0.1959714260318
097,63,46.8,16.2,22788084.420988,0.211051923022153
097,95,46.7,16,295414.496799833,0.0027359823882697
097,96,46.7,16.1,45486995.0649651,0.421277962798763
097,97,46.7,16.2,18243550.4386797,0.168962705759015
098,158,46.5,15.5,538792.107315039,0.0105008938005181
098,159,46.5,15.6,18104078.0957209,0.352842959015901
098,160,46.5,15.7,6717225.40140781,0.130916673827744
098,193,46.4,15.6,6324298.73983329,0.123258653065065
098,194,46.4,15.7,19624772.0514878,0.382480820290771
099,290,46.1,15.1,23116388.016834,0.444394590141678
099,291,46.1,15.2,13713478.0307216,0.263630954993551
099,324,46,15.1,5198370.24253333,0.099934626969101
099,325,46,15.2,9989471.68755365,0.192039827895669
100,95,46.7,16,767176.7282284,0.0224525339212545
100,129,46.6,16,19449123.8356273,0.569206672452783
100,130,46.6,16.1,13952525.5881965,0.408340793625962
101,87,46.7,15.2,1211779.97482778,0.0128896113527037
101,88,46.7,15.3,711342.11252582,0.00756649190425201
101,121,46.6,15.2,45566534.8364473,0.48468776257399
101,122,46.6,15.3,38803852.6705247,0.412753627144007
101,155,46.5,15.2,7718632.56181414,0.0821025070250466
102,178,46.4,14.1,1872539.04806949,0.0157745394913956
102,179,46.4,14.2,42308393.2450016,0.356412017548488
102,180,46.4,14.3,194716.403440375,0.00164031911583332
102,212,46.3,14.1,9906329.27738389,0.0834523491309655
102,213,46.3,14.2,57127368.5176857,0.481249206338741
102,214,46.3,14.3,7297069.57152402,0.0614715683745759
103,118,46.6,14.9,15082510.599834,0.237669476505781
103,119,46.6,15,14407159.0900391,0.227027319901421
103,152,46.5,14.9,5311666.00413428,0.0837009773817128
103,153,46.5,15,28658687.9555467,0.451602226211085
104,387,45.8,14.6,9943380.58492073,0.0646865040541365
104,388,45.8,14.7,40706751.9528747,0.264817126604166
104,389,45.8,14.8,3176667.56349675,0.0206657602482199
104,421,45.7,14.6,287646.452722709,0.00187127941762815
104,422,45.7,14.7,59200672.2388312,0.385129030522297
104,423,45.7,14.8,36504956.9944029,0.23748241641234
104,456,45.6,14.7,1011191.80435969,0.00657829218077186
104,457,45.6,14.8,2885195.06649185,0.0187695905604409
105,61,46.8,16,35997426.6861962,0.895729384068664
105,62,46.8,16.1,4190410.54058471,0.104270615931336
106,227,46.3,15.6,25290998.9927385,0.354226938871129
106,228,46.3,15.7,11248215.2803537,0.157543040022545
106,261,46.2,15.6,27172708.5589572,0.380582252857641
106,262,46.2,15.7,7685806.18691605,0.107647768248686
107,228,46.3,15.7,6009702.59360968,0.152145096464257
107,229,46.3,15.8,2851934.06372683,0.0722012073770188
107,262,46.2,15.7,16183051.9177051,0.409699474600196
107,263,46.2,15.8,14455122.6792864,0.365954221558528
108,123,46.6,15.4,6903.36224521611,0.000113592210762347
108,124,46.6,15.5,2408574.74063783,0.0396321849928988
108,125,46.6,15.6,880872.455877243,0.014494422588369
108,157,46.5,15.4,14588930.0753508,0.240055318126292
108,158,46.5,15.5,41442809.9941277,0.681925739982586
108,159,46.5,15.6,1445110.27071245,0.0237787420990918
109,425,45.7,15,2529628.74870745,0.0172588053688485
109,426,45.7,15.1,34467140.720529,0.235157697990377
109,427,45.7,15.2,37435445.3918419,0.255409441501677
109,428,45.7,15.3,2866398.71024159,0.01955647344491
109,459,45.6,15,4627051.57534591,0.0315688152308212
109,460,45.6,15.1,38582815.5440112,0.263237561794994
109,461,45.6,15.2,24766459.5647044,0.168973216137386
109,462,45.6,15.3,1295386.87011802,0.0088379885309859
110,291,46.1,15.2,14439043.2611047,0.0530733580835285
110,292,46.1,15.3,19607962.3543519,0.0720726705019405
110,293,46.1,15.4,9885498.21587732,0.0363359661133945
110,324,46,15.1,20243784.0568243,0.0744097500634026
110,325,46,15.2,72574960.4632888,0.2667626098844
110,326,46,15.3,82577446.4420158,0.303528586028018
110,327,46,15.4,41172539.9344793,0.151337239984404
110,359,45.9,15.2,8198157.08108787,0.0301338335595721
110,360,45.9,15.3,2824168.35918293,0.0103807500195563
110,361,45.9,15.4,534658.540693978,0.00196523576178393
111,378,45.8,13.7,5983739.8321492,0.0275269862848865
111,379,45.8,13.8,35374616.3001718,0.162733776040227
111,380,45.8,13.9,45305216.1291443,0.208417494410488
111,381,45.8,14,12470421.1692499,0.0573676533609257
111,413,45.7,13.8,18924910.0316076,0.0870602254603144
111,414,45.7,13.9,83059128.5022843,0.382096741377841
111,415,45.7,14,12627999.3895607,0.0580925601300984
111,448,45.6,13.9,3568570.56210881,0.0164164879615992
111,449,45.6,14,62620.9377392005,0.000288074973619728
112,119,46.6,15,20.1813606541214,1.16222476944145e-07
112,120,46.6,15.1,5631662.53182554,0.03243219225799
112,153,46.5,15,48928210.1043696,0.281772763899945
112,154,46.5,15.1,81419167.9662905,0.468885004036694
112,155,46.5,15.2,16095887.3870249,0.09269463703638
112,187,46.4,15,5652837.77407052,0.0325541384015521
112,188,46.4,15.1,15798768.2642744,0.0909835571451199
112,189,46.4,15.2,117659.756557859,0.000677590999842068
113,156,46.5,15.3,2647403.79670297,0.010176029351032
113,157,46.5,15.4,22087090.0820232,0.0848978449126151
113,158,46.5,15.5,35445053.6999746,0.136242875850312
113,159,46.5,15.6,3159803.88280685,0.0121455809253548
113,190,46.4,15.3,124003.405934017,0.000476641417521573
113,191,46.4,15.4,15704260.3781358,0.0603636720409558
113,192,46.4,15.5,67098139.2912014,0.257910272576189
113,193,46.4,15.6,79055804.243883,0.303872867961085
113,194,46.4,15.7,14091914.2054948,0.0541661731942547
113,226,46.3,15.5,2150375.65182905,0.00826556408811112
113,227,46.3,15.6,18357085.5564045,0.0705605399727908
113,228,46.3,15.7,239852.039434192,0.000921937709776987
114,191,46.4,15.4,6754979.22204599,0.0691474847484403
114,192,46.4,15.5,2781646.29489176,0.0284743799246395
114,225,46.3,15.4,34809346.783293,0.356326599487582
114,226,46.3,15.5,53176350.2280136,0.544340810756124
114,227,46.3,15.6,167119.779320702,0.00171072508321362
115,160,46.5,15.7,10871859.3615351,0.317646425186369
115,161,46.5,15.8,11582905.7083397,0.338421282797518
115,194,46.4,15.7,4886170.26934396,0.142760724481068
115,195,46.4,15.8,6885356.85077315,0.201171567535045
116,129,46.6,16,29110270.6007983,0.567162247467711
116,130,46.6,16.1,10616132.8455239,0.206836612639321
116,163,46.5,16,10056515.7673892,0.195933461510677
116,164,46.5,16.1,1543259.01971477,0.0300676783822904
117,215,46.3,14.4,12307524.12096,0.305502745823195
117,216,46.3,14.5,1181580.15747631,0.0293296993750728
117,249,46.2,14.4,24736762.309349,0.614026731453795
117,250,46.2,14.5,2060265.98950686,0.0511408233479369
118,91,46.7,15.6,7292526.12541412,0.11219079064049
118,92,46.7,15.7,31715417.4454504,0.48792115345301
118,93,46.7,15.8,20840943.2490945,0.320624411979973
118,125,46.6,15.6,652138.293329851,0.0100327252144689
118,126,46.6,15.7,1719698.44325263,0.0264564465993979
118,127,46.6,15.8,2780388.24400438,0.0427744721126605
119,360,45.9,15.3,14763095.4066418,0.153742631273055
119,361,45.9,15.4,10120992.5958651,0.105399849416632
119,394,45.8,15.3,47872434.5022642,0.498542740739445
119,395,45.8,15.4,23268212.3680287,0.242314778570868
120,225,46.3,15.4,40032779.4862177,0.180055452229964
120,226,46.3,15.5,17420114.7538113,0.0783504588027723
120,258,46.2,15.3,2827436.73302019,0.012716963602061
120,259,46.2,15.4,76742118.0710416,0.345163062662782
120,260,46.2,15.5,15127501.012559,0.068038968837107
120,293,46.1,15.4,41547618.9609086,0.186868746489614
120,294,46.1,15.5,28638266.9175202,0.128806347375699
121,326,46,15.3,3507920.50643384,0.0580208314964081
121,359,45.9,15.2,4189611.60069984,0.0692959684444851
121,360,45.9,15.3,52714665.3297084,0.871897954607267
121,361,45.9,15.4,47475.6833373527,0.000785245451839979
122,247,46.2,14.2,29356631.4554742,0.201031864624263
122,248,46.2,14.3,50403649.8673582,0.345160163626812
122,249,46.2,14.4,10719134.9645931,0.0734037790527721
122,281,46.1,14.2,19235432.5229635,0.131722703703611
122,282,46.1,14.3,35418528.0957156,0.242543248060594
122,283,46.1,14.4,896365.743614273,0.00613824093194756
123,318,46,14.5,3627811.35289365,0.0832024400257379
123,319,46,14.6,25132822.4180111,0.576411490703384
123,353,45.9,14.6,14841589.334228,0.340386069270878
124,226,46.3,15.5,10970323.0125596,0.101910292472633
124,227,46.3,15.6,3077761.75895295,0.0285912821944154
124,259,46.2,15.4,2196048.86629397,0.0204004915800556
124,260,46.2,15.5,69332017.6493627,0.644069111572654
124,261,46.2,15.6,22070708.96991,0.205028822180242
125,187,46.4,15,4241375.76680249,0.234256364486824
125,188,46.4,15.1,168776.274996315,0.0093217198300898
125,221,46.3,15,10641690.2737804,0.587753552760533
125,222,46.3,15.1,3053859.0005575,0.168668362922553
126,153,46.5,15,561274.294142709,0.0058628303941415
126,186,46.4,14.9,15650092.3123211,0.163474147733669
126,187,46.4,15,58274646.8700311,0.608711951434235
126,188,46.4,15.1,21216943.7540978,0.221623088765023
126,222,46.3,15.1,31399.1143510371,0.000327981672931522
127,258,46.2,15.3,26350400.670919,0.936708739206241
127,259,46.2,15.4,1780436.12819969,0.0632912607937588
128,208,46.3,13.7,13857289.5341724,0.0362534155061121
128,209,46.3,13.8,2776930.55045265,0.00726500062143565
128,241,46.2,13.6,7139203.48833488,0.0186775710940463
128,242,46.2,13.7,71266526.2015518,0.186447355356956
128,243,46.2,13.8,80586789.7702941,0.210831011839766
128,244,46.2,13.9,59092621.010827,0.154598006887835
128,245,46.2,14,22589593.2090413,0.0590988523911456
128,276,46.1,13.7,14951251.2579754,0.0391154361648425
128,277,46.1,13.8,57878975.9931828,0.151422871014902
128,278,46.1,13.9,37540575.1101303,0.0982135838649951
128,311,46,13.8,7428207.26928801,0.0194336622565997
128,312,46,13.9,7126078.30038458,0.0186432330013634
129,255,46.2,15,15885418.2091693,0.273164122030381
129,256,46.2,15.1,11885960.1855604,0.204389826935909
129,289,46.1,15,14349072.5024871,0.246745269182129
129,290,46.1,15.1,16032933.5629963,0.27570078185158
130,322,46,14.9,5121654.14872252,0.0313650500275158
130,323,46,15,9597212.02928162,0.0587734014601858
130,356,45.9,14.9,51258178.2173508,0.313905483935798
130,357,45.9,15,77427504.8355185,0.474166644633258
130,358,45.9,15.1,15354205.9239383,0.0940292770563636
130,391,45.8,15,4533002.52545365,0.0277601428868782
131,179,46.4,14.2,2919414.56558044,0.0187899994477862
131,180,46.4,14.3,73979807.7167312,0.476150445549462
131,181,46.4,14.4,56978110.9000423,0.366723755156315
131,213,46.3,14.2,571774.621548707,0.00368006824033309
131,214,46.3,14.3,20352995.9686941,0.130996394798257
131,215,46.3,14.4,568553.565255806,0.00365933680784712
132,132,46.6,16.3,21922723.8136641,0.919108448552608
132,133,46.6,16.4,1929438.40743998,0.0808915514473921
133,188,46.4,15.1,42280560.5247075,0.502833440297723
133,189,46.4,15.2,18303218.2780859,0.217676163728054
133,222,46.3,15.1,13782328.759375,0.163910215460388
133,223,46.3,15.2,9718515.96580051,0.115580180513835
134,352,45.9,14.5,14155686.7991049,0.137136953096805
134,353,45.9,14.6,26450895.5236712,0.256250033663329
134,386,45.8,14.5,10415009.5124761,0.100898154309653
134,387,45.8,14.6,43885759.948092,0.425154885738195
134,388,45.8,14.7,8315641.57798874,0.080559973192017
135,195,46.4,15.8,12238318.5421385,0.152919316539192
135,196,46.4,15.9,28778904.5276836,0.359596001359762
135,197,46.4,16,666818.50366315,0.00833198036844347
135,229,46.3,15.8,7428447.67912999,0.0928193802219183
135,230,46.3,15.9,23816780.0423197,0.297593637042184
135,231,46.3,16,7101944.67535447,0.0887396844684997
136,346,45.9,13.9,2909262.32865332,0.027103956983512
136,347,45.9,14,15374299.8383603,0.143233684142682
136,380,45.8,13.9,21538844.822229,0.200665274419055
136,381,45.8,14,62262132.7832023,0.580061190095149
136,382,45.8,14.1,5252640.93600628,0.048935894359602
137,189,46.4,15.2,2852322.44487018,0.0480713220409311
137,190,46.4,15.3,55535098.8108538,0.935955058066021
137,191,46.4,15.4,947798.242535788,0.0159736198930483
138,250,46.2,14.5,27675617.9740416,0.882756229025078
138,284,46.1,14.5,3675752.95268269,0.117243770974922
139,190,46.4,15.3,9572252.75863939,0.127113282970322
139,223,46.3,15.2,1912590.60009636,0.0253979576476397
139,224,46.3,15.3,56289991.8513715,0.747494434488536
139,225,46.3,15.4,7530062.39744111,0.0999943248935022
140,315,46,14.2,21581224.5921247,0.186562306531517
140,316,46,14.3,45507392.6208169,0.393395847178804
140,317,46,14.4,7414052.77276851,0.0640919508589344
140,349,45.9,14.2,687304.240239671,0.00594151012147829
140,350,45.9,14.3,36995161.5021426,0.319810520060308
140,351,45.9,14.4,3493240.00253169,0.0301978652489578
141,120,46.6,15.1,14827259.1605484,0.296270181682556
141,121,46.6,15.2,24172819.2405154,0.483008050956749
141,154,46.5,15.1,2799850.06863526,0.0559450724868698
141,155,46.5,15.2,8246482.12870307,0.164776694873825
142,253,46.2,14.8,4094625.26536535,0.0278235628744569
142,254,46.2,14.9,29796032.008208,0.20246828861291
142,255,46.2,15,21477198.8368688,0.145940630332996
142,287,46.1,14.8,2446571.4234171,0.0166248018840916
142,288,46.1,14.9,36324112.075104,0.24682752405434
142,289,46.1,15,46558937.7310092,0.316374624629068
142,290,46.1,15.1,6465203.29206621,0.0439319787855848
142,323,46,15,1263.96559502122,8.58882655311444e-06
143,197,46.4,16,9289215.48055072,0.482549559755951
143,198,46.4,16.1,5221669.92739719,0.271251595996675
143,231,46.3,16,2437880.17563276,0.12664126566473
143,232,46.3,16.1,2301517.19617927,0.119557578582644
144,156,46.5,15.3,4546418.49270383,0.0678528574862111
144,190,46.4,15.3,13911620.9486986,0.207623481021181
144,191,46.4,15.4,44421695.0748174,0.662969972967656
144,224,46.3,15.3,1107582.72721498,0.0165300781405217
144,225,46.3,15.4,3016765.7257716,0.0450236103844305
146,211,46.3,14,63604.0542350476,0.000388280025922463
146,212,46.3,14.1,13768532.9181098,0.0840519740864593
146,213,46.3,14.2,9399967.56763986,0.0573834434727332
146,245,46.2,14,35466421.8045898,0.216509833269008
146,246,46.2,14.1,66010228.0640188,0.402968857443081
146,247,46.2,14.2,39100996.2576667,0.238697611702795
147,279,46.1,14,1700613.70658772,0.0345328705581151
147,280,46.1,14.1,19904640.2617695,0.40418606706677
147,281,46.1,14.2,515885.041841717,0.0104756249486743
147,314,46,14.1,20323439.2959048,0.412690251632397
147,315,46,14.2,6801652.28818669,0.138115185794043
148,128,46.6,15.9,24147449.2890109,1
149,295,46.1,15.6,13083748.2944975,0.420261627539394
149,296,46.1,15.7,10308099.9480219,0.331105334915097
149,329,46,15.6,4932163.19497597,0.158425466842879
149,330,46,15.7,2808377.14411759,0.0902075707026295
150,385,45.8,14.4,878744.362739069,0.0117058293835774
150,386,45.8,14.5,58298652.6765885,0.776601376306322
150,387,45.8,14.6,5825255.39893994,0.077598729172163
150,420,45.7,14.5,7287109.79067852,0.0970722175027008
150,421,45.7,14.6,2779191.36197995,0.0370218476352371
151,221,46.3,15,41077779.5509039,0.746816038619541
151,222,46.3,15.1,8804358.25685262,0.160067949822405
151,255,46.2,15,1998653.50611974,0.0363365914694519
151,256,46.2,15.1,3123088.39234233,0.0567794200886023
152,61,46.8,16,7174033.33282773,0.234922593780386
152,62,46.8,16.1,370400.511777015,0.0121292228412243
152,95,46.7,16,19941658.8965919,0.653014282890783
152,96,46.7,16.1,3051767.48494356,0.0999339004876074
153,128,46.6,15.9,11563465.9258039,0.472098038038344
153,129,46.6,16,6551416.61333243,0.267472654770764
153,162,46.5,15.9,3396296.37004033,0.138659538859783
153,163,46.5,16,2982602.03058809,0.121769768331109
154,259,46.2,15.4,966954.276691604,0.0553075252943833
154,293,46.1,15.4,16516277.3729769,0.944692474705617
155,189,46.4,15.2,18096250.0083905,0.571464658225631
155,190,46.4,15.3,1568300.12387168,0.0495256251360366
155,223,46.3,15.2,11534279.7749289,0.364243047393927
155,224,46.3,15.3,467607.811947073,0.0147666692444053
156,98,46.7,16.3,9898773.82547396,0.317937964719783
156,99,46.7,16.4,6289849.61381738,0.202023202051983
156,132,46.6,16.3,8152405.06124022,0.261846479012552
156,133,46.6,16.4,6793264.73871192,0.218192354215682
157,391,45.8,15,22260452.2602822,0.202190019905274
157,392,45.8,15.1,4221579.73705503,0.0383442924288565
157,425,45.7,15,52900743.1031768,0.480493485755421
157,426,45.7,15.1,28857103.2762821,0.262106906796784
157,459,45.6,15,1856813.19438602,0.0168652951136639
158,62,46.8,16.1,37120932.3730694,1
159,161,46.5,15.8,794194.190312074,0.0364568291847356
159,195,46.4,15.8,19465800.8607611,0.893561531400763
159,196,46.4,15.9,1524515.78193702,0.0699816394145013
160,158,46.5,15.5,1830040.74754919,0.0340847768747118
160,159,46.5,15.6,32559548.3641034,0.606426355597869
160,160,46.5,15.7,19301263.9714119,0.359488867527419
161,30,46.9,16.3,1941499.58100244,0.107114603961122
161,64,46.8,16.3,16170187.1902616,0.892126485017204
161,65,46.8,16.4,13755.59798673,0.000758911021673374
162,315,46,14.2,2498480.23346038,0.0770243876850774
162,316,46,14.3,29939041.2912247,0.922975612314923
163,181,46.4,14.4,17356481.5293922,0.252616167326521
163,182,46.4,14.5,48453246.4383751,0.705216284133501
163,183,46.4,14.6,2271832.83352537,0.0330655554952113
163,215,46.3,14.4,625370.006338332,0.00910199304476682
164,250,46.2,14.5,15724361.1007184,0.653865293976823
164,251,46.2,14.6,8323957.7893736,0.346134706023177
165,491,45.5,14.8,21256500.3163694,0.37889727067229
165,492,45.5,14.9,34252070.9993667,0.610543411350708
165,493,45.5,15,592387.866823456,0.010559317977002
166,130,46.6,16.1,29921406.7250373,0.646297593574971
166,131,46.6,16.2,2860764.98747862,0.061792065599772
166,164,46.5,16.1,11028579.4711887,0.238215550434509
166,165,46.5,16.2,2485888.35587366,0.0536947903907476
167,122,46.6,15.3,173744.72554587,0.00206211960512412
167,123,46.6,15.4,19705969.2477073,0.233883736015584
167,124,46.6,15.5,1136960.65850806,0.0134942160505777
167,156,46.5,15.3,14598155.8124196,0.173260760606512
167,157,46.5,15.4,48638986.7512301,0.57728030498747
167,158,46.5,15.5,1589.28738222306,1.88627347320154e-05
168,196,46.4,15.9,14700081.3484417,0.493216872180612
168,197,46.4,16,15104416.7893646,0.506783127819388
169,160,46.5,15.7,12505380.5715348,1
170,357,45.9,15,3720761.13512981,0.0774221710639621
170,358,45.9,15.1,25159518.9681801,0.523523147737211
170,391,45.8,15,2606482.20133106,0.0542360833006242
170,392,45.8,15.1,16571320.8516156,0.344818597898203
171,191,46.4,15.4,17641060.4740212,0.530842610252884
171,192,46.4,15.5,15591125.7395484,0.469157389747116
172,195,46.4,15.8,56025.7351507985,0.00121816702762947
172,196,46.4,15.9,590229.36530492,0.0128333514878095
172,229,46.3,15.8,13333075.8490607,0.289900941638551
172,230,46.3,15.9,32012502.5840374,0.69604753984601
173,221,46.3,15,47493.449828416,0.00141952157680889
173,222,46.3,15.1,33409870.3580413,0.998580478423191
174,222,46.3,15.1,1412578.26863687,0.0348106602192724
174,255,46.2,15,1158775.4977688,0.0285561097879366
174,256,46.2,15.1,38007545.3334401,0.936633229992791
175,117,46.6,14.8,2951243.32745646,0.0508241951389944
175,118,46.6,14.9,29462317.8846048,0.507378900100649
175,151,46.5,14.8,586514.828179677,0.0101005375605572
175,152,46.5,14.9,24955793.0857914,0.429770763339181
175,153,46.5,15,111815.357418478,0.00192560386061795
176,165,46.5,16.2,598107.680081349,0.0605681078437904
176,166,46.5,16.3,9276852.94480581,0.93943189215621
177,121,46.6,15.2,1121980.12394035,0.018842547991643
177,122,46.6,15.3,5032327.38756647,0.084512967998818
177,155,46.5,15.2,22211327.9384692,0.37301731439672
177,156,46.5,15.3,31179396.593353,0.523627169612819
178,89,46.7,15.4,747316.692758177,0.0115871117729416
178,123,46.6,15.4,8782154.94539716,0.136166918183021
178,124,46.6,15.5,48876789.4327419,0.757832425995293
178,125,46.6,15.6,111895.43449811,0.00173493368872333
178,158,46.5,15.5,5977354.31752829,0.0926786103600215
179,386,45.8,14.5,136221.876721128,0.00275982811199951
179,387,45.8,14.6,26367109.1479225,0.534192383853055
179,388,45.8,14.7,5488860.76450114,0.111203226716168
179,421,45.7,14.6,13402286.3905471,0.271527654999365
179,422,45.7,14.7,3964348.23737577,0.0803169063194126
180,150,46.5,14.7,44647.896198441,0.000436289038157432
180,183,46.4,14.6,45780637.2842563,0.447357925179907
180,184,46.4,14.7,56438370.8508386,0.551502861954436
180,185,46.4,14.8,71934.1247218598,0.00070292382749924
181,93,46.7,15.8,15883205.4766467,0.427135426176563
181,94,46.7,15.9,5621987.77674796,0.15118800474573
181,127,46.6,15.8,10910926.683331,0.293419569854344
181,128,46.6,15.9,4769288.95998596,0.128256999223363
182,162,46.5,15.9,9144475.44431547,0.518306361073507
182,163,46.5,16,8498517.44771772,0.481693638926493
183,343,45.9,13.6,9063397.13633791,0.605228031003396
183,344,45.9,13.7,5911780.27127799,0.394771968996604
184,221,46.3,15,1732019.72991837,0.0498860047998645
184,255,46.2,15,32943171.9949396,0.948836325519091
184,256,46.2,15.1,44360.1187299905,0.00127766968104408
185,128,46.6,15.9,198132.954748024,0.00864942569746244
185,161,46.5,15.8,176474.129940716,0.00770391718221613
185,162,46.5,15.9,22532457.6937453,0.983646657120322
186,284,46.1,14.5,3585816.93191006,0.415927811313822
186,285,46.1,14.6,5035431.35774691,0.584072188686178
187,132,46.6,16.3,8941857.16111791,0.478677680869881
187,133,46.6,16.4,9738473.08713651,0.521322319130119
188,130,46.6,16.1,2715240.59944729,0.225845577452482
188,131,46.6,16.2,9307313.17413096,0.774154422547518
189,220,46.3,14.9,7205046.01190412,0.135558616347792
189,221,46.3,15,10337680.9886495,0.19449726327228
189,254,46.2,14.9,23294716.8539798,0.438276116449749
189,255,46.2,15,12313334.797697,0.231668003930179
190,222,46.3,15.1,25128044.7425826,0.214599815913915
190,223,46.3,15.2,43741685.2216919,0.373564982572325
190,256,46.2,15.1,13974225.6150513,0.119343397994177
190,257,46.2,15.2,34248618.0352879,0.292491803519583
191,228,46.3,15.7,12217.7185369275,0.000320810913789746
191,229,46.3,15.8,36052841.0835675,0.946669777813067
191,230,46.3,15.9,2018803.0983508,0.0530094112731427
192,178,46.4,14.1,13202070.1715084,0.310439496634597
192,179,46.4,14.2,29324961.0684884,0.689560503365403
193,355,45.9,14.8,372019.131828652,0.00226515904785641
193,356,45.9,14.9,12152836.3127327,0.0739964823733406
193,357,45.9,15,212912.21621896,0.00129638502890134
193,389,45.8,14.8,15873258.6346286,0.0966494793922439
193,390,45.8,14.9,74127875.2124115,0.45135159154423
193,391,45.8,15,52507072.3091296,0.319706326211891
193,392,45.8,15.1,7818919.62889226,0.0476080261108854
193,424,45.7,14.9,1170431.30131199,0.007126550290651
194,286,46.1,14.7,1421338.60033678,0.0149682870150423
194,287,46.1,14.8,2936858.80289527,0.0309284117619642
194,288,46.1,14.9,4657897.39272789,0.0490528752574849
194,320,46,14.7,2692725.27066097,0.0283574122973657
194,321,46,14.8,39781332.2690736,0.418941974208795
194,322,46,14.9,43466511.6371713,0.457751039459348
195,93,46.7,15.8,15822452.0909723,0.296128809374425
195,94,46.7,15.9,37179827.5804518,0.695847774469011
195,95,46.7,16,428698.977351583,0.00802341615656343
196,197,46.4,16,11059660.6548576,0.344468346079302
196,231,46.3,16,21046803.6421884,0.655531653920698
197,361,45.9,15.4,18466001.9173653,0.316617155811473
197,362,45.9,15.5,82078.5304231776,0.0014073144242086
197,395,45.8,15.4,30881080.8145783,0.529485484711303
197,396,45.8,15.5,8893647.77821703,0.152490045053015
198,193,46.4,15.6,92174.7174801222,0.00249839375733811
198,194,46.4,15.7,12592.2128482562,0.000341311661496988
198,227,46.3,15.6,3845505.53282514,0.104232345698172
198,228,46.3,15.7,32943318.5528315,0.892927948882993
199,324,46,15.1,4297065.9904762,0.0585057112821445
199,325,46,15.2,2263901.84905681,0.0308236336713444
199,358,45.9,15.1,27492551.6017218,0.374318497780749
199,359,45.9,15.2,39393429.519908,0.536352157265762
200,226,46.3,15.5,1908272.36555977,0.0507114768971895
200,227,46.3,15.6,34888364.3808394,0.927142538041567
200,228,46.3,15.7,833353.195099154,0.0221459850612432
201,343,45.9,13.6,2975140.30113591,0.100954178779246
201,344,45.9,13.7,26495064.2719859,0.899045821220753
202,199,46.4,16.2,14666457.5491148,0.447403573987348
202,200,46.4,16.3,18114812.8783976,0.552596426012652
203,392,45.8,15.1,25042227.7223352,0.873559964994757
203,426,45.7,15.1,3624639.72331921,0.126440035005243
204,127,46.6,15.8,28893.0353055114,0.00111630019503166
204,128,46.6,15.9,21663341.8997645,0.836976542341047
204,161,46.5,15.8,251016.528348514,0.00969817800686958
204,162,46.5,15.9,3939602.83877198,0.152208979457052
205,163,46.5,16,11592286.3030937,0.305732784160462
205,164,46.5,16.1,25756853.4949381,0.679306421902209
205,198,46.4,16.1,567259.435782575,0.0149607939373285
206,359,45.9,15.2,21197341.8508057,0.620350790712052
206,360,45.9,15.3,12942388.2777579,0.378765453627118
206,394,45.8,15.3,30197.8672965017,0.000883755660830198
207,175,46.4,13.8,223901.032887677,0.00192894116450618
207,176,46.4,13.9,33035119.5032064,0.284602536496932
207,177,46.4,14,65358520.0949641,0.563073507238473
207,178,46.4,14.1,16936413.9541508,0.145909760370187
207,211,46.3,14,520624.052857696,0.00448525472990136
208,316,46,14.3,874961.700835684,0.0790897615290029
208,317,46,14.4,10187932.9636631,0.920910238470997
209,186,46.4,14.9,4044671.15810191,0.134139808354061
209,220,46.3,14.9,26107982.3139087,0.865860191645939
210,127,46.6,15.8,30726291.7990365,1
211,323,46,15,5768773.71585156,0.117595475803869
211,324,46,15.1,41721641.7115129,0.85048860469294
211,325,46,15.2,1256398.19754742,0.0256114646053338
211,358,45.9,15.1,309271.878521823,0.00630445489785718
212,323,46,15,8728387.10406804,0.279114071154074
212,324,46,15.1,3279356.58107905,0.104866403746493
212,357,45.9,15,4876477.66510529,0.155938722443358
212,358,45.9,15.1,14387534.5593587,0.460080802656075
213,446,45.6,13.7,5065639.72803101,0.628281657534405
213,447,45.6,13.8,2997049.46125766,0.371718342465595
