fold_id,candidate_id,candidate_name,n_original_train,n_common_train,n_train_excluded_incomplete_weather,n_validation,n_parameters,design_matrix_rank,offset,offset_coefficient,weather_scaling_fit_scope,weather_scaling_means,weather_scaling_standard_deviations,train_target_end_max,validation_start,latest_training_weather_week_end,latest_validation_weather_week_end,converged,iterations,warning_count,warning_messages,deviance,pearson_chi2
fold_01_validate_2017,statistical_baseline_s1,S1 baseline on common weather support,10176,6572,3604,10176,3,3,log(population),1,,,,2016-12-26,2017-01-02,2016-11-27,2017-11-26,true,6,0,[],10333.6217151023,12567.3309141313
fold_01_validate_2017,statistical_baseline_s1_plus_static_geography,S1 plus fixed municipality area,10176,6572,3604,10176,4,4,log(population),1,,,,2016-12-26,2017-01-02,2016-11-27,2017-11-26,true,6,0,[],10332.8662020755,12533.414974421
fold_01_validate_2017,statistical_baseline_s1_plus_weather,S1 plus lagged ERA5-Land weather,10176,6572,3604,10176,24,24,log(population),1,training_fold_only,"{""d2m_mean_c_lag_1w"": 10.759019350622355, ""d2m_mean_c_lag_2w"": 10.637240354822941, ""d2m_mean_c_previous_4w_mean"": 10.784000035949187, ""stl1_mean_c_lag_1w"": 14.892383616524597, ""stl1_mean_c_lag_2w"": 14.939705611752979, ""stl1_mean_c_previous_4w_mean"": 15.089517915938737, ""stl2_mean_c_lag_1w"": 14.747863096284977, ""stl2_mean_c_lag_2w"": 14.793558943752059, ""stl2_mean_c_previous_4w_mean"": 14.908857122015077, ""swvl1_mean_m3_m3_lag_1w"": 0.363342398564214, ""swvl1_mean_m3_m3_lag_2w"": 0.36158319004436307, ""swvl1_mean_m3_m3_previous_4w_mean"": 0.3603918170801252, ""swvl2_mean_m3_m3_lag_1w"": 0.36145361985324614, ""swvl2_mean_m3_m3_lag_2w"": 0.35949025228663445, ""swvl2_mean_m3_m3_previous_4w_mean"": 0.3583287786487674, ""t2m_mean_c_lag_1w"": 14.813498743669523, ""t2m_mean_c_lag_2w"": 14.847181052952228, ""t2m_mean_c_previous_4w_mean"": 15.03067080945158, ""tp_sum_mm_lag_1w"": 29.565878657496405, ""tp_sum_mm_lag_2w"": 29.65252996195205, ""tp_sum_mm_previous_4w_sum"": 115.76489417845816}","{""d2m_mean_c_lag_1w"": 4.808830161720307, ""d2m_mean_c_lag_2w"": 4.90527617412685, ""d2m_mean_c_previous_4w_mean"": 4.199434750963731, ""stl1_mean_c_lag_1w"": 5.198670247351854, ""stl1_mean_c_lag_2w"": 5.156885924482303, ""stl1_mean_c_previous_4w_mean"": 4.668981774491989, ""stl2_mean_c_lag_1w"": 4.790257054198667, ""stl2_mean_c_lag_2w"": 4.747274871268055, ""stl2_mean_c_previous_4w_mean"": 4.350621269093899, ""swvl1_mean_m3_m3_lag_1w"": 0.033165343242211244, ""swvl1_mean_m3_m3_lag_2w"": 0.03357193707852909, ""swvl1_mean_m3_m3_previous_4w_mean"": 0.027996070692143733, ""swvl2_mean_m3_m3_lag_1w"": 0.03540372220295716, ""swvl2_mean_m3_m3_lag_2w"": 0.03560415097451919, ""swvl2_mean_m3_m3_previous_4w_mean"": 0.030407792877138913, ""t2m_mean_c_lag_1w"": 5.562821307392437, ""t2m_mean_c_lag_2w"": 5.536483163750656, ""t2m_mean_c_previous_4w_mean"": 4.933811341511563, ""tp_sum_mm_lag_1w"": 20.461156927224177, ""tp_sum_mm_lag_2w"": 20.273292177527566, ""tp_sum_mm_previous_4w_sum"": 46.02907853084169}",2016-12-26,2017-01-02,2016-11-27,2017-11-26,true,6,0,[],9721.55482284403,11667.0832446806
fold_01_validate_2017,statistical_baseline_s1_plus_static_geography_weather,S1 plus fixed municipality area and lagged ERA5-Land weather,10176,6572,3604,10176,25,25,log(population),1,training_fold_only,"{""d2m_mean_c_lag_1w"": 10.759019350622355, ""d2m_mean_c_lag_2w"": 10.637240354822941, ""d2m_mean_c_previous_4w_mean"": 10.784000035949187, ""stl1_mean_c_lag_1w"": 14.892383616524597, ""stl1_mean_c_lag_2w"": 14.939705611752979, ""stl1_mean_c_previous_4w_mean"": 15.089517915938737, ""stl2_mean_c_lag_1w"": 14.747863096284977, ""stl2_mean_c_lag_2w"": 14.793558943752059, ""stl2_mean_c_previous_4w_mean"": 14.908857122015077, ""swvl1_mean_m3_m3_lag_1w"": 0.363342398564214, ""swvl1_mean_m3_m3_lag_2w"": 0.36158319004436307, ""swvl1_mean_m3_m3_previous_4w_mean"": 0.3603918170801252, ""swvl2_mean_m3_m3_lag_1w"": 0.36145361985324614, ""swvl2_mean_m3_m3_lag_2w"": 0.35949025228663445, ""swvl2_mean_m3_m3_previous_4w_mean"": 0.3583287786487674, ""t2m_mean_c_lag_1w"": 14.813498743669523, ""t2m_mean_c_lag_2w"": 14.847181052952228, ""t2m_mean_c_previous_4w_mean"": 15.03067080945158, ""tp_sum_mm_lag_1w"": 29.565878657496405, ""tp_sum_mm_lag_2w"": 29.65252996195205, ""tp_sum_mm_previous_4w_sum"": 115.76489417845816}","{""d2m_mean_c_lag_1w"": 4.808830161720307, ""d2m_mean_c_lag_2w"": 4.90527617412685, ""d2m_mean_c_previous_4w_mean"": 4.199434750963731, ""stl1_mean_c_lag_1w"": 5.198670247351854, ""stl1_mean_c_lag_2w"": 5.156885924482303, ""stl1_mean_c_previous_4w_mean"": 4.668981774491989, ""stl2_mean_c_lag_1w"": 4.790257054198667, ""stl2_mean_c_lag_2w"": 4.747274871268055, ""stl2_mean_c_previous_4w_mean"": 4.350621269093899, ""swvl1_mean_m3_m3_lag_1w"": 0.033165343242211244, ""swvl1_mean_m3_m3_lag_2w"": 0.03357193707852909, ""swvl1_mean_m3_m3_previous_4w_mean"": 0.027996070692143733, ""swvl2_mean_m3_m3_lag_1w"": 0.03540372220295716, ""swvl2_mean_m3_m3_lag_2w"": 0.03560415097451919, ""swvl2_mean_m3_m3_previous_4w_mean"": 0.030407792877138913, ""t2m_mean_c_lag_1w"": 5.562821307392437, ""t2m_mean_c_lag_2w"": 5.536483163750656, ""t2m_mean_c_previous_4w_mean"": 4.933811341511563, ""tp_sum_mm_lag_1w"": 20.461156927224177, ""tp_sum_mm_lag_2w"": 20.273292177527566, ""tp_sum_mm_previous_4w_sum"": 46.02907853084169}",2016-12-26,2017-01-02,2016-11-27,2017-11-26,true,6,0,[],9712.94844384795,11549.2079479365
fold_02_validate_2018,statistical_baseline_s1,S1 baseline on common weather support,21200,17596,3604,10388,3,3,log(population),1,,,,2017-12-25,2018-01-01,2017-11-26,2018-12-02,true,6,0,[],27345.265426336,33940.2853576916
fold_02_validate_2018,statistical_baseline_s1_plus_static_geography,S1 plus fixed municipality area,21200,17596,3604,10388,4,4,log(population),1,,,,2017-12-25,2018-01-01,2017-11-26,2018-12-02,true,6,0,[],27305.9902153422,33478.6404423113
fold_02_validate_2018,statistical_baseline_s1_plus_weather,S1 plus lagged ERA5-Land weather,21200,17596,3604,10388,24,24,log(population),1,training_fold_only,"{""d2m_mean_c_lag_1w"": 7.459407777775517, ""d2m_mean_c_lag_2w"": 7.490566557808382, ""d2m_mean_c_previous_4w_mean"": 7.530001761329128, ""stl1_mean_c_lag_1w"": 12.101234740286042, ""stl1_mean_c_lag_2w"": 12.17158851108552, ""stl1_mean_c_previous_4w_mean"": 12.211216172260055, ""stl2_mean_c_lag_1w"": 12.013446245268746, ""stl2_mean_c_lag_2w"": 12.077287929330394, ""stl2_mean_c_previous_4w_mean"": 12.101838453484714, ""swvl1_mean_m3_m3_lag_1w"": 0.351437878826343, ""swvl1_mean_m3_m3_lag_2w"": 0.35084689787453793, ""swvl1_mean_m3_m3_previous_4w_mean"": 0.3504146387167261, ""swvl2_mean_m3_m3_lag_1w"": 0.349800141605141, ""swvl2_mean_m3_m3_lag_2w"": 0.34909547163940696, ""swvl2_mean_m3_m3_previous_4w_mean"": 0.348668214060209, ""t2m_mean_c_lag_1w"": 12.048454689191132, ""t2m_mean_c_lag_2w"": 12.113349376720041, ""t2m_mean_c_previous_4w_mean"": 12.169985919115241, ""tp_sum_mm_lag_1w"": 24.210964355351486, ""tp_sum_mm_lag_2w"": 23.973119407239462, ""tp_sum_mm_previous_4w_sum"": 95.23322174288873}","{""d2m_mean_c_lag_1w"": 7.071504358512323, ""d2m_mean_c_lag_2w"": 7.0544317877244405, ""d2m_mean_c_previous_4w_mean"": 6.645846351412826, ""stl1_mean_c_lag_1w"": 7.484626055473172, ""stl1_mean_c_lag_2w"": 7.44519666373043, ""stl1_mean_c_previous_4w_mean"": 7.228880133464737, ""stl2_mean_c_lag_1w"": 7.065154799096709, ""stl2_mean_c_lag_2w"": 7.0299922563863895, ""stl2_mean_c_previous_4w_mean"": 6.862428874956629, ""swvl1_mean_m3_m3_lag_1w"": 0.04465116748736993, ""swvl1_mean_m3_m3_lag_2w"": 0.04465515927215035, ""swvl1_mean_m3_m3_previous_4w_mean"": 0.03856126598616928, ""swvl2_mean_m3_m3_lag_1w"": 0.04694274169042571, ""swvl2_mean_m3_m3_lag_2w"": 0.046850818225535974, ""swvl2_mean_m3_m3_previous_4w_mean"": 0.041626380615697685, ""t2m_mean_c_lag_1w"": 7.834316305000377, ""t2m_mean_c_lag_2w"": 7.800138291650552, ""t2m_mean_c_previous_4w_mean"": 7.496112243732297, ""tp_sum_mm_lag_1w"": 24.655172585631995, ""tp_sum_mm_lag_2w"": 24.60989712778432, ""tp_sum_mm_previous_4w_sum"": 61.99551031580787}",2017-12-25,2018-01-01,2017-11-26,2018-12-02,true,6,0,[],26022.9807218924,32423.2123399558
fold_02_validate_2018,statistical_baseline_s1_plus_static_geography_weather,S1 plus fixed municipality area and lagged ERA5-Land weather,21200,17596,3604,10388,25,25,log(population),1,training_fold_only,"{""d2m_mean_c_lag_1w"": 7.459407777775517, ""d2m_mean_c_lag_2w"": 7.490566557808382, ""d2m_mean_c_previous_4w_mean"": 7.530001761329128, ""stl1_mean_c_lag_1w"": 12.101234740286042, ""stl1_mean_c_lag_2w"": 12.17158851108552, ""stl1_mean_c_previous_4w_mean"": 12.211216172260055, ""stl2_mean_c_lag_1w"": 12.013446245268746, ""stl2_mean_c_lag_2w"": 12.077287929330394, ""stl2_mean_c_previous_4w_mean"": 12.101838453484714, ""swvl1_mean_m3_m3_lag_1w"": 0.351437878826343, ""swvl1_mean_m3_m3_lag_2w"": 0.35084689787453793, ""swvl1_mean_m3_m3_previous_4w_mean"": 0.3504146387167261, ""swvl2_mean_m3_m3_lag_1w"": 0.349800141605141, ""swvl2_mean_m3_m3_lag_2w"": 0.34909547163940696, ""swvl2_mean_m3_m3_previous_4w_mean"": 0.348668214060209, ""t2m_mean_c_lag_1w"": 12.048454689191132, ""t2m_mean_c_lag_2w"": 12.113349376720041, ""t2m_mean_c_previous_4w_mean"": 12.169985919115241, ""tp_sum_mm_lag_1w"": 24.210964355351486, ""tp_sum_mm_lag_2w"": 23.973119407239462, ""tp_sum_mm_previous_4w_sum"": 95.23322174288873}","{""d2m_mean_c_lag_1w"": 7.071504358512323, ""d2m_mean_c_lag_2w"": 7.0544317877244405, ""d2m_mean_c_previous_4w_mean"": 6.645846351412826, ""stl1_mean_c_lag_1w"": 7.484626055473172, ""stl1_mean_c_lag_2w"": 7.44519666373043, ""stl1_mean_c_previous_4w_mean"": 7.228880133464737, ""stl2_mean_c_lag_1w"": 7.065154799096709, ""stl2_mean_c_lag_2w"": 7.0299922563863895, ""stl2_mean_c_previous_4w_mean"": 6.862428874956629, ""swvl1_mean_m3_m3_lag_1w"": 0.04465116748736993, ""swvl1_mean_m3_m3_lag_2w"": 0.04465515927215035, ""swvl1_mean_m3_m3_previous_4w_mean"": 0.03856126598616928, ""swvl2_mean_m3_m3_lag_1w"": 0.04694274169042571, ""swvl2_mean_m3_m3_lag_2w"": 0.046850818225535974, ""swvl2_mean_m3_m3_previous_4w_mean"": 0.041626380615697685, ""t2m_mean_c_lag_1w"": 7.834316305000377, ""t2m_mean_c_lag_2w"": 7.800138291650552, ""t2m_mean_c_previous_4w_mean"": 7.496112243732297, ""tp_sum_mm_lag_1w"": 24.655172585631995, ""tp_sum_mm_lag_2w"": 24.60989712778432, ""tp_sum_mm_previous_4w_sum"": 61.99551031580787}",2017-12-25,2018-01-01,2017-11-26,2018-12-02,true,6,0,[],25915.4494310177,31609.7437885359
fold_03_validate_2019,statistical_baseline_s1,S1 baseline on common weather support,32436,28832,3604,10176,3,3,log(population),1,,,,2018-12-31,2019-01-07,2018-12-02,2019-12-01,true,6,0,[],54146.6039560465,69740.9822255645
fold_03_validate_2019,statistical_baseline_s1_plus_static_geography,S1 plus fixed municipality area,32436,28832,3604,10176,4,4,log(population),1,,,,2018-12-31,2019-01-07,2018-12-02,2019-12-01,true,6,0,[],54028.0640684401,68585.9440176617
fold_03_validate_2019,statistical_baseline_s1_plus_weather,S1 plus lagged ERA5-Land weather,32436,28832,3604,10176,24,24,log(population),1,training_fold_only,"{""d2m_mean_c_lag_1w"": 7.27330332908839, ""d2m_mean_c_lag_2w"": 7.327623123436413, ""d2m_mean_c_previous_4w_mean"": 7.335080855845944, ""stl1_mean_c_lag_1w"": 11.718114445612866, ""stl1_mean_c_lag_2w"": 11.78210914272748, ""stl1_mean_c_previous_4w_mean"": 11.796629578611306, ""stl2_mean_c_lag_1w"": 11.658795793325233, ""stl2_mean_c_lag_2w"": 11.711038041483373, ""stl2_mean_c_previous_4w_mean"": 11.718310039506548, ""swvl1_mean_m3_m3_lag_1w"": 0.35874945906330835, ""swvl1_mean_m3_m3_lag_2w"": 0.35835456600344695, ""swvl1_mean_m3_m3_previous_4w_mean"": 0.3582644052359648, ""swvl2_mean_m3_m3_lag_1w"": 0.3578267269959434, ""swvl2_mean_m3_m3_lag_2w"": 0.35735257760989025, ""swvl2_mean_m3_m3_previous_4w_mean"": 0.35733221965678, ""t2m_mean_c_lag_1w"": 11.517196719510004, ""t2m_mean_c_lag_2w"": 11.589723814170402, ""t2m_mean_c_previous_4w_mean"": 11.612624450911516, ""tp_sum_mm_lag_1w"": 24.855388096044482, ""tp_sum_mm_lag_2w"": 24.832230337775272, ""tp_sum_mm_previous_4w_sum"": 98.99490241018633}","{""d2m_mean_c_lag_1w"": 7.277633437890033, ""d2m_mean_c_lag_2w"": 7.23298962472979, ""d2m_mean_c_previous_4w_mean"": 6.820832857626477, ""stl1_mean_c_lag_1w"": 7.503805770090416, ""stl1_mean_c_lag_2w"": 7.459668145070219, ""stl1_mean_c_previous_4w_mean"": 7.259724370812247, ""stl2_mean_c_lag_1w"": 7.088906846932688, ""stl2_mean_c_lag_2w"": 7.056692555937594, ""stl2_mean_c_previous_4w_mean"": 6.896190899229417, ""swvl1_mean_m3_m3_lag_1w"": 0.04100701361941855, ""swvl1_mean_m3_m3_lag_2w"": 0.04105619125728437, ""swvl1_mean_m3_m3_previous_4w_mean"": 0.035752908603423894, ""swvl2_mean_m3_m3_lag_1w"": 0.0432674543349818, ""swvl2_mean_m3_m3_lag_2w"": 0.04325496389172029, ""swvl2_mean_m3_m3_previous_4w_mean"": 0.03871459755501623, ""t2m_mean_c_lag_1w"": 8.055791855628138, ""t2m_mean_c_lag_2w"": 8.003977749763777, ""t2m_mean_c_previous_4w_mean"": 7.709298242163252, ""tp_sum_mm_lag_1w"": 22.6817071841096, ""tp_sum_mm_lag_2w"": 22.68900012064541, ""tp_sum_mm_previous_4w_sum"": 55.38873138576686}",2018-12-31,2019-01-07,2018-12-02,2019-12-01,true,6,0,[],50029.6647973834,64192.7167979733
fold_03_validate_2019,statistical_baseline_s1_plus_static_geography_weather,S1 plus fixed municipality area and lagged ERA5-Land weather,32436,28832,3604,10176,25,25,log(population),1,training_fold_only,"{""d2m_mean_c_lag_1w"": 7.27330332908839, ""d2m_mean_c_lag_2w"": 7.327623123436413, ""d2m_mean_c_previous_4w_mean"": 7.335080855845944, ""stl1_mean_c_lag_1w"": 11.718114445612866, ""stl1_mean_c_lag_2w"": 11.78210914272748, ""stl1_mean_c_previous_4w_mean"": 11.796629578611306, ""stl2_mean_c_lag_1w"": 11.658795793325233, ""stl2_mean_c_lag_2w"": 11.711038041483373, ""stl2_mean_c_previous_4w_mean"": 11.718310039506548, ""swvl1_mean_m3_m3_lag_1w"": 0.35874945906330835, ""swvl1_mean_m3_m3_lag_2w"": 0.35835456600344695, ""swvl1_mean_m3_m3_previous_4w_mean"": 0.3582644052359648, ""swvl2_mean_m3_m3_lag_1w"": 0.3578267269959434, ""swvl2_mean_m3_m3_lag_2w"": 0.35735257760989025, ""swvl2_mean_m3_m3_previous_4w_mean"": 0.35733221965678, ""t2m_mean_c_lag_1w"": 11.517196719510004, ""t2m_mean_c_lag_2w"": 11.589723814170402, ""t2m_mean_c_previous_4w_mean"": 11.612624450911516, ""tp_sum_mm_lag_1w"": 24.855388096044482, ""tp_sum_mm_lag_2w"": 24.832230337775272, ""tp_sum_mm_previous_4w_sum"": 98.99490241018633}","{""d2m_mean_c_lag_1w"": 7.277633437890033, ""d2m_mean_c_lag_2w"": 7.23298962472979, ""d2m_mean_c_previous_4w_mean"": 6.820832857626477, ""stl1_mean_c_lag_1w"": 7.503805770090416, ""stl1_mean_c_lag_2w"": 7.459668145070219, ""stl1_mean_c_previous_4w_mean"": 7.259724370812247, ""stl2_mean_c_lag_1w"": 7.088906846932688, ""stl2_mean_c_lag_2w"": 7.056692555937594, ""stl2_mean_c_previous_4w_mean"": 6.896190899229417, ""swvl1_mean_m3_m3_lag_1w"": 0.04100701361941855, ""swvl1_mean_m3_m3_lag_2w"": 0.04105619125728437, ""swvl1_mean_m3_m3_previous_4w_mean"": 0.035752908603423894, ""swvl2_mean_m3_m3_lag_1w"": 0.0432674543349818, ""swvl2_mean_m3_m3_lag_2w"": 0.04325496389172029, ""swvl2_mean_m3_m3_previous_4w_mean"": 0.03871459755501623, ""t2m_mean_c_lag_1w"": 8.055791855628138, ""t2m_mean_c_lag_2w"": 8.003977749763777, ""t2m_mean_c_previous_4w_mean"": 7.709298242163252, ""tp_sum_mm_lag_1w"": 22.6817071841096, ""tp_sum_mm_lag_2w"": 22.68900012064541, ""tp_sum_mm_previous_4w_sum"": 55.38873138576686}",2018-12-31,2019-01-07,2018-12-02,2019-12-01,true,6,0,[],49865.5781263798,62819.2543809997
fold_04_validate_2020,statistical_baseline_s1,S1 baseline on common weather support,43460,39856,3604,10176,3,3,log(population),1,,,,2019-12-30,2020-01-06,2019-12-01,2020-11-29,true,6,0,[],72332.6311816832,94359.3351683311
fold_04_validate_2020,statistical_baseline_s1_plus_static_geography,S1 plus fixed municipality area,43460,39856,3604,10176,4,4,log(population),1,,,,2019-12-30,2020-01-06,2019-12-01,2020-11-29,true,6,0,[],72161.913504257,92660.3477126748
fold_04_validate_2020,statistical_baseline_s1_plus_weather,S1 plus lagged ERA5-Land weather,43460,39856,3604,10176,24,24,log(population),1,training_fold_only,"{""d2m_mean_c_lag_1w"": 7.130123231385991, ""d2m_mean_c_lag_2w"": 7.136878070550367, ""d2m_mean_c_previous_4w_mean"": 7.138792598588184, ""stl1_mean_c_lag_1w"": 11.45142869948077, ""stl1_mean_c_lag_2w"": 11.476227857750718, ""stl1_mean_c_previous_4w_mean"": 11.485721354381484, ""stl2_mean_c_lag_1w"": 11.396232327495984, ""stl2_mean_c_lag_2w"": 11.415639802469975, ""stl2_mean_c_previous_4w_mean"": 11.42103163919556, ""swvl1_mean_m3_m3_lag_1w"": 0.36049102994459026, ""swvl1_mean_m3_m3_lag_2w"": 0.360238571921455, ""swvl1_mean_m3_m3_previous_4w_mean"": 0.36003007301535594, ""swvl2_mean_m3_m3_lag_1w"": 0.3600107942586551, ""swvl2_mean_m3_m3_lag_2w"": 0.35972424203895986, ""swvl2_mean_m3_m3_previous_4w_mean"": 0.3595072196953514, ""t2m_mean_c_lag_1w"": 11.346429072488199, ""t2m_mean_c_lag_2w"": 11.37389350918206, ""t2m_mean_c_previous_4w_mean"": 11.386757166866154, ""tp_sum_mm_lag_1w"": 24.548769398599944, ""tp_sum_mm_lag_2w"": 24.575805919346156, ""tp_sum_mm_previous_4w_sum"": 97.8037249114089}","{""d2m_mean_c_lag_1w"": 7.258458289432683, ""d2m_mean_c_lag_2w"": 7.2560170890452635, ""d2m_mean_c_previous_4w_mean"": 6.878850617425878, ""stl1_mean_c_lag_1w"": 7.521472016145583, ""stl1_mean_c_lag_2w"": 7.512142562979424, ""stl1_mean_c_previous_4w_mean"": 7.3196950101627705, ""stl2_mean_c_lag_1w"": 7.114237509504351, ""stl2_mean_c_lag_2w"": 7.1079155363325075, ""stl2_mean_c_previous_4w_mean"": 6.9530061131360075, ""swvl1_mean_m3_m3_lag_1w"": 0.03944085273512036, ""swvl1_mean_m3_m3_lag_2w"": 0.03951209816273682, ""swvl1_mean_m3_m3_previous_4w_mean"": 0.03367613328694825, ""swvl2_mean_m3_m3_lag_1w"": 0.04129997531286188, ""swvl2_mean_m3_m3_lag_2w"": 0.04134988446093965, ""swvl2_mean_m3_m3_previous_4w_mean"": 0.03641934464376546, ""t2m_mean_c_lag_1w"": 7.929929736121431, ""t2m_mean_c_lag_2w"": 7.918951574429684, ""t2m_mean_c_previous_4w_mean"": 7.641317626945397, ""tp_sum_mm_lag_1w"": 23.001930898880772, ""tp_sum_mm_lag_2w"": 22.990822533711807, ""tp_sum_mm_previous_4w_sum"": 55.539293598590724}",2019-12-30,2020-01-06,2019-12-01,2020-11-29,true,6,0,[],68417.1989648525,88315.9798499416
fold_04_validate_2020,statistical_baseline_s1_plus_static_geography_weather,S1 plus fixed municipality area and lagged ERA5-Land weather,43460,39856,3604,10176,25,25,log(population),1,training_fold_only,"{""d2m_mean_c_lag_1w"": 7.130123231385991, ""d2m_mean_c_lag_2w"": 7.136878070550367, ""d2m_mean_c_previous_4w_mean"": 7.138792598588184, ""stl1_mean_c_lag_1w"": 11.45142869948077, ""stl1_mean_c_lag_2w"": 11.476227857750718, ""stl1_mean_c_previous_4w_mean"": 11.485721354381484, ""stl2_mean_c_lag_1w"": 11.396232327495984, ""stl2_mean_c_lag_2w"": 11.415639802469975, ""stl2_mean_c_previous_4w_mean"": 11.42103163919556, ""swvl1_mean_m3_m3_lag_1w"": 0.36049102994459026, ""swvl1_mean_m3_m3_lag_2w"": 0.360238571921455, ""swvl1_mean_m3_m3_previous_4w_mean"": 0.36003007301535594, ""swvl2_mean_m3_m3_lag_1w"": 0.3600107942586551, ""swvl2_mean_m3_m3_lag_2w"": 0.35972424203895986, ""swvl2_mean_m3_m3_previous_4w_mean"": 0.3595072196953514, ""t2m_mean_c_lag_1w"": 11.346429072488199, ""t2m_mean_c_lag_2w"": 11.37389350918206, ""t2m_mean_c_previous_4w_mean"": 11.386757166866154, ""tp_sum_mm_lag_1w"": 24.548769398599944, ""tp_sum_mm_lag_2w"": 24.575805919346156, ""tp_sum_mm_previous_4w_sum"": 97.8037249114089}","{""d2m_mean_c_lag_1w"": 7.258458289432683, ""d2m_mean_c_lag_2w"": 7.2560170890452635, ""d2m_mean_c_previous_4w_mean"": 6.878850617425878, ""stl1_mean_c_lag_1w"": 7.521472016145583, ""stl1_mean_c_lag_2w"": 7.512142562979424, ""stl1_mean_c_previous_4w_mean"": 7.3196950101627705, ""stl2_mean_c_lag_1w"": 7.114237509504351, ""stl2_mean_c_lag_2w"": 7.1079155363325075, ""stl2_mean_c_previous_4w_mean"": 6.9530061131360075, ""swvl1_mean_m3_m3_lag_1w"": 0.03944085273512036, ""swvl1_mean_m3_m3_lag_2w"": 0.03951209816273682, ""swvl1_mean_m3_m3_previous_4w_mean"": 0.03367613328694825, ""swvl2_mean_m3_m3_lag_1w"": 0.04129997531286188, ""swvl2_mean_m3_m3_lag_2w"": 0.04134988446093965, ""swvl2_mean_m3_m3_previous_4w_mean"": 0.03641934464376546, ""t2m_mean_c_lag_1w"": 7.929929736121431, ""t2m_mean_c_lag_2w"": 7.918951574429684, ""t2m_mean_c_previous_4w_mean"": 7.641317626945397, ""tp_sum_mm_lag_1w"": 23.001930898880772, ""tp_sum_mm_lag_2w"": 22.990822533711807, ""tp_sum_mm_previous_4w_sum"": 55.539293598590724}",2019-12-30,2020-01-06,2019-12-01,2020-11-29,true,6,0,[],68217.8929490021,86503.0532889554
fold_05_validate_2021,statistical_baseline_s1,S1 baseline on common weather support,54484,50880,3604,10176,3,3,log(population),1,,,,2020-12-28,2021-01-04,2020-11-29,2021-11-28,true,6,0,[],99895.1302200129,133586.165684485
fold_05_validate_2021,statistical_baseline_s1_plus_static_geography,S1 plus fixed municipality area,54484,50880,3604,10176,4,4,log(population),1,,,,2020-12-28,2021-01-04,2020-11-29,2021-11-28,true,6,0,[],99696.4788969918,131537.591108726
fold_05_validate_2021,statistical_baseline_s1_plus_weather,S1 plus lagged ERA5-Land weather,54484,50880,3604,10176,24,24,log(population),1,training_fold_only,"{""d2m_mean_c_lag_1w"": 6.926151146354391, ""d2m_mean_c_lag_2w"": 6.952934956804901, ""d2m_mean_c_previous_4w_mean"": 6.960678261076346, ""stl1_mean_c_lag_1w"": 11.283950900354903, ""stl1_mean_c_lag_2w"": 11.323374121045491, ""stl1_mean_c_previous_4w_mean"": 11.332657551495792, ""stl2_mean_c_lag_1w"": 11.240888065818952, ""stl2_mean_c_lag_2w"": 11.274863677947513, ""stl2_mean_c_previous_4w_mean"": 11.27965377733998, ""swvl1_mean_m3_m3_lag_1w"": 0.35948523073789296, ""swvl1_mean_m3_m3_lag_2w"": 0.35937418958026973, ""swvl1_mean_m3_m3_previous_4w_mean"": 0.3592823291868843, ""swvl2_mean_m3_m3_lag_1w"": 0.35907656350035416, ""swvl2_mean_m3_m3_lag_2w"": 0.35891347369759197, ""swvl2_mean_m3_m3_previous_4w_mean"": 0.3588196559295513, ""t2m_mean_c_lag_1w"": 11.238283367484641, ""t2m_mean_c_lag_2w"": 11.278360505216323, ""t2m_mean_c_previous_4w_mean"": 11.29146138938158, ""tp_sum_mm_lag_1w"": 23.87072227780632, ""tp_sum_mm_lag_2w"": 23.939616177352285, ""tp_sum_mm_previous_4w_sum"": 95.54855108950477}","{""d2m_mean_c_lag_1w"": 7.14931345130762, ""d2m_mean_c_lag_2w"": 7.1299627216116495, ""d2m_mean_c_previous_4w_mean"": 6.753619399561345, ""stl1_mean_c_lag_1w"": 7.41579612914861, ""stl1_mean_c_lag_2w"": 7.388504713133698, ""stl1_mean_c_previous_4w_mean"": 7.1923829203022835, ""stl2_mean_c_lag_1w"": 7.0074375404909715, ""stl2_mean_c_lag_2w"": 6.98559119214675, ""stl2_mean_c_previous_4w_mean"": 6.829781872623726, ""swvl1_mean_m3_m3_lag_1w"": 0.03852330169644042, ""swvl1_mean_m3_m3_lag_2w"": 0.03860336475060437, ""swvl1_mean_m3_m3_previous_4w_mean"": 0.032717524431820647, ""swvl2_mean_m3_m3_lag_1w"": 0.040330723613691596, ""swvl2_mean_m3_m3_lag_2w"": 0.04039379761464888, ""swvl2_mean_m3_m3_previous_4w_mean"": 0.03544190015248016, ""t2m_mean_c_lag_1w"": 7.7403023103439965, ""t2m_mean_c_lag_2w"": 7.712728278726155, ""t2m_mean_c_previous_4w_mean"": 7.433325008666022, ""tp_sum_mm_lag_1w"": 22.91861812981426, ""tp_sum_mm_lag_2w"": 22.876350787625018, ""tp_sum_mm_previous_4w_sum"": 55.82057716000454}",2020-12-28,2021-01-04,2020-11-29,2021-11-28,true,6,0,[],96756.2069441743,127914.626076801
fold_05_validate_2021,statistical_baseline_s1_plus_static_geography_weather,S1 plus fixed municipality area and lagged ERA5-Land weather,54484,50880,3604,10176,25,25,log(population),1,training_fold_only,"{""d2m_mean_c_lag_1w"": 6.926151146354391, ""d2m_mean_c_lag_2w"": 6.952934956804901, ""d2m_mean_c_previous_4w_mean"": 6.960678261076346, ""stl1_mean_c_lag_1w"": 11.283950900354903, ""stl1_mean_c_lag_2w"": 11.323374121045491, ""stl1_mean_c_previous_4w_mean"": 11.332657551495792, ""stl2_mean_c_lag_1w"": 11.240888065818952, ""stl2_mean_c_lag_2w"": 11.274863677947513, ""stl2_mean_c_previous_4w_mean"": 11.27965377733998, ""swvl1_mean_m3_m3_lag_1w"": 0.35948523073789296, ""swvl1_mean_m3_m3_lag_2w"": 0.35937418958026973, ""swvl1_mean_m3_m3_previous_4w_mean"": 0.3592823291868843, ""swvl2_mean_m3_m3_lag_1w"": 0.35907656350035416, ""swvl2_mean_m3_m3_lag_2w"": 0.35891347369759197, ""swvl2_mean_m3_m3_previous_4w_mean"": 0.3588196559295513, ""t2m_mean_c_lag_1w"": 11.238283367484641, ""t2m_mean_c_lag_2w"": 11.278360505216323, ""t2m_mean_c_previous_4w_mean"": 11.29146138938158, ""tp_sum_mm_lag_1w"": 23.87072227780632, ""tp_sum_mm_lag_2w"": 23.939616177352285, ""tp_sum_mm_previous_4w_sum"": 95.54855108950477}","{""d2m_mean_c_lag_1w"": 7.14931345130762, ""d2m_mean_c_lag_2w"": 7.1299627216116495, ""d2m_mean_c_previous_4w_mean"": 6.753619399561345, ""stl1_mean_c_lag_1w"": 7.41579612914861, ""stl1_mean_c_lag_2w"": 7.388504713133698, ""stl1_mean_c_previous_4w_mean"": 7.1923829203022835, ""stl2_mean_c_lag_1w"": 7.0074375404909715, ""stl2_mean_c_lag_2w"": 6.98559119214675, ""stl2_mean_c_previous_4w_mean"": 6.829781872623726, ""swvl1_mean_m3_m3_lag_1w"": 0.03852330169644042, ""swvl1_mean_m3_m3_lag_2w"": 0.03860336475060437, ""swvl1_mean_m3_m3_previous_4w_mean"": 0.032717524431820647, ""swvl2_mean_m3_m3_lag_1w"": 0.040330723613691596, ""swvl2_mean_m3_m3_lag_2w"": 0.04039379761464888, ""swvl2_mean_m3_m3_previous_4w_mean"": 0.03544190015248016, ""t2m_mean_c_lag_1w"": 7.7403023103439965, ""t2m_mean_c_lag_2w"": 7.712728278726155, ""t2m_mean_c_previous_4w_mean"": 7.433325008666022, ""tp_sum_mm_lag_1w"": 22.91861812981426, ""tp_sum_mm_lag_2w"": 22.876350787625018, ""tp_sum_mm_previous_4w_sum"": 55.82057716000454}",2020-12-28,2021-01-04,2020-11-29,2021-11-28,true,6,0,[],96594.4998353898,126032.988772913
fold_06_validate_2022,statistical_baseline_s1,S1 baseline on common weather support,65508,61904,3604,10176,3,3,log(population),1,,,,2021-12-27,2022-01-03,2021-11-28,2022-11-27,true,6,0,[],122076.700476334,165735.924134707
fold_06_validate_2022,statistical_baseline_s1_plus_static_geography,S1 plus fixed municipality area,65508,61904,3604,10176,4,4,log(population),1,,,,2021-12-27,2022-01-03,2021-11-28,2022-11-27,true,6,0,[],121897.674396924,163509.151801832
fold_06_validate_2022,statistical_baseline_s1_plus_weather,S1 plus lagged ERA5-Land weather,65508,61904,3604,10176,24,24,log(population),1,training_fold_only,"{""d2m_mean_c_lag_1w"": 6.729054714084317, ""d2m_mean_c_lag_2w"": 6.742916492061609, ""d2m_mean_c_previous_4w_mean"": 6.7473658968481, ""stl1_mean_c_lag_1w"": 11.099252678672006, ""stl1_mean_c_lag_2w"": 11.12566155099674, ""stl1_mean_c_previous_4w_mean"": 11.132997836309285, ""stl2_mean_c_lag_1w"": 11.056894677038937, ""stl2_mean_c_lag_2w"": 11.079377115371752, ""stl2_mean_c_previous_4w_mean"": 11.083846948776092, ""swvl1_mean_m3_m3_lag_1w"": 0.3587136371396084, ""swvl1_mean_m3_m3_lag_2w"": 0.35855293005413397, ""swvl1_mean_m3_m3_previous_4w_mean"": 0.35849192560065135, ""swvl2_mean_m3_m3_lag_1w"": 0.3584567498245078, ""swvl2_mean_m3_m3_lag_2w"": 0.3582924905698461, ""swvl2_mean_m3_m3_previous_4w_mean"": 0.3582226474305086, ""t2m_mean_c_lag_1w"": 11.051278092466978, ""t2m_mean_c_lag_2w"": 11.079447019024853, ""t2m_mean_c_previous_4w_mean"": 11.088996359454859, ""tp_sum_mm_lag_1w"": 23.763559137473997, ""tp_sum_mm_lag_2w"": 23.664228659917764, ""tp_sum_mm_previous_4w_sum"": 94.80071710480546}","{""d2m_mean_c_lag_1w"": 7.080413608348051, ""d2m_mean_c_lag_2w"": 7.073078636702647, ""d2m_mean_c_previous_4w_mean"": 6.696734497483921, ""stl1_mean_c_lag_1w"": 7.4130292419140895, ""stl1_mean_c_lag_2w"": 7.398579879786858, ""stl1_mean_c_previous_4w_mean"": 7.200137595299511, ""stl2_mean_c_lag_1w"": 7.00405242415067, ""stl2_mean_c_lag_2w"": 6.992809303771433, ""stl2_mean_c_previous_4w_mean"": 6.834512856234207, ""swvl1_mean_m3_m3_lag_1w"": 0.04047829924026974, ""swvl1_mean_m3_m3_lag_2w"": 0.04051594215133427, ""swvl1_mean_m3_m3_previous_4w_mean"": 0.03454981240504218, ""swvl2_mean_m3_m3_lag_1w"": 0.04164851849628406, ""swvl2_mean_m3_m3_lag_2w"": 0.041682943828143304, ""swvl2_mean_m3_m3_previous_4w_mean"": 0.036748341439846774, ""t2m_mean_c_lag_1w"": 7.7447239887595565, ""t2m_mean_c_lag_2w"": 7.728522426475137, ""t2m_mean_c_previous_4w_mean"": 7.446075430089246, ""tp_sum_mm_lag_1w"": 22.738865706292103, ""tp_sum_mm_lag_2w"": 22.685916089255016, ""tp_sum_mm_previous_4w_sum"": 54.50445060975802}",2021-12-27,2022-01-03,2021-11-28,2022-11-27,true,6,0,[],117435.22343359,157476.106197258
fold_06_validate_2022,statistical_baseline_s1_plus_static_geography_weather,S1 plus fixed municipality area and lagged ERA5-Land weather,65508,61904,3604,10176,25,25,log(population),1,training_fold_only,"{""d2m_mean_c_lag_1w"": 6.729054714084317, ""d2m_mean_c_lag_2w"": 6.742916492061609, ""d2m_mean_c_previous_4w_mean"": 6.7473658968481, ""stl1_mean_c_lag_1w"": 11.099252678672006, ""stl1_mean_c_lag_2w"": 11.12566155099674, ""stl1_mean_c_previous_4w_mean"": 11.132997836309285, ""stl2_mean_c_lag_1w"": 11.056894677038937, ""stl2_mean_c_lag_2w"": 11.079377115371752, ""stl2_mean_c_previous_4w_mean"": 11.083846948776092, ""swvl1_mean_m3_m3_lag_1w"": 0.3587136371396084, ""swvl1_mean_m3_m3_lag_2w"": 0.35855293005413397, ""swvl1_mean_m3_m3_previous_4w_mean"": 0.35849192560065135, ""swvl2_mean_m3_m3_lag_1w"": 0.3584567498245078, ""swvl2_mean_m3_m3_lag_2w"": 0.3582924905698461, ""swvl2_mean_m3_m3_previous_4w_mean"": 0.3582226474305086, ""t2m_mean_c_lag_1w"": 11.051278092466978, ""t2m_mean_c_lag_2w"": 11.079447019024853, ""t2m_mean_c_previous_4w_mean"": 11.088996359454859, ""tp_sum_mm_lag_1w"": 23.763559137473997, ""tp_sum_mm_lag_2w"": 23.664228659917764, ""tp_sum_mm_previous_4w_sum"": 94.80071710480546}","{""d2m_mean_c_lag_1w"": 7.080413608348051, ""d2m_mean_c_lag_2w"": 7.073078636702647, ""d2m_mean_c_previous_4w_mean"": 6.696734497483921, ""stl1_mean_c_lag_1w"": 7.4130292419140895, ""stl1_mean_c_lag_2w"": 7.398579879786858, ""stl1_mean_c_previous_4w_mean"": 7.200137595299511, ""stl2_mean_c_lag_1w"": 7.00405242415067, ""stl2_mean_c_lag_2w"": 6.992809303771433, ""stl2_mean_c_previous_4w_mean"": 6.834512856234207, ""swvl1_mean_m3_m3_lag_1w"": 0.04047829924026974, ""swvl1_mean_m3_m3_lag_2w"": 0.04051594215133427, ""swvl1_mean_m3_m3_previous_4w_mean"": 0.03454981240504218, ""swvl2_mean_m3_m3_lag_1w"": 0.04164851849628406, ""swvl2_mean_m3_m3_lag_2w"": 0.041682943828143304, ""swvl2_mean_m3_m3_previous_4w_mean"": 0.036748341439846774, ""t2m_mean_c_lag_1w"": 7.7447239887595565, ""t2m_mean_c_lag_2w"": 7.728522426475137, ""t2m_mean_c_previous_4w_mean"": 7.446075430089246, ""tp_sum_mm_lag_1w"": 22.738865706292103, ""tp_sum_mm_lag_2w"": 22.685916089255016, ""tp_sum_mm_previous_4w_sum"": 54.50445060975802}",2021-12-27,2022-01-03,2021-11-28,2022-11-27,true,6,0,[],117318.23248077,155698.819454677
fold_07_validate_2023,statistical_baseline_s1,S1 baseline on common weather support,76532,72928,3604,10176,3,3,log(population),1,,,,2022-12-26,2023-01-02,2022-11-27,2023-11-26,true,6,0,[],145537.265966259,198582.163348167
fold_07_validate_2023,statistical_baseline_s1_plus_static_geography,S1 plus fixed municipality area,76532,72928,3604,10176,4,4,log(population),1,,,,2022-12-26,2023-01-02,2022-11-27,2023-11-26,true,6,0,[],145422.027749657,196639.025609988
fold_07_validate_2023,statistical_baseline_s1_plus_weather,S1 plus lagged ERA5-Land weather,76532,72928,3604,10176,24,24,log(population),1,training_fold_only,"{""d2m_mean_c_lag_1w"": 6.638660188653773, ""d2m_mean_c_lag_2w"": 6.6507443467912575, ""d2m_mean_c_previous_4w_mean"": 6.650290504092643, ""stl1_mean_c_lag_1w"": 11.078168014381273, ""stl1_mean_c_lag_2w"": 11.098302394903445, ""stl1_mean_c_previous_4w_mean"": 11.101492726357348, ""stl2_mean_c_lag_1w"": 11.031724531740856, ""stl2_mean_c_lag_2w"": 11.048157292152352, ""stl2_mean_c_previous_4w_mean"": 11.048579041533397, ""swvl1_mean_m3_m3_lag_1w"": 0.3570569694224411, ""swvl1_mean_m3_m3_lag_2w"": 0.3568572817282382, ""swvl1_mean_m3_m3_previous_4w_mean"": 0.3568105349041802, ""swvl2_mean_m3_m3_lag_1w"": 0.35653652449543266, ""swvl2_mean_m3_m3_lag_2w"": 0.35631932902809055, ""swvl2_mean_m3_m3_previous_4w_mean"": 0.35628352117079787, ""t2m_mean_c_lag_1w"": 11.045299137778382, ""t2m_mean_c_lag_2w"": 11.068351246598072, ""t2m_mean_c_previous_4w_mean"": 11.073806436127246, ""tp_sum_mm_lag_1w"": 22.98676184384988, ""tp_sum_mm_lag_2w"": 22.942772991008628, ""tp_sum_mm_previous_4w_sum"": 91.658560580236}","{""d2m_mean_c_lag_1w"": 7.09792451050359, ""d2m_mean_c_lag_2w"": 7.091409637853747, ""d2m_mean_c_previous_4w_mean"": 6.730053069153487, ""stl1_mean_c_lag_1w"": 7.4739410481945505, ""stl1_mean_c_lag_2w"": 7.464176363217299, ""stl1_mean_c_previous_4w_mean"": 7.2744099918777145, ""stl2_mean_c_lag_1w"": 7.0666956767690685, ""stl2_mean_c_lag_2w"": 7.059722010461138, ""stl2_mean_c_previous_4w_mean"": 6.907726392696047, ""swvl1_mean_m3_m3_lag_1w"": 0.0422469804119885, ""swvl1_mean_m3_m3_lag_2w"": 0.04221883546888214, ""swvl1_mean_m3_m3_previous_4w_mean"": 0.036420688499904846, ""swvl2_mean_m3_m3_lag_1w"": 0.0439756066654856, ""swvl2_mean_m3_m3_lag_2w"": 0.04393512308792343, ""swvl2_mean_m3_m3_previous_4w_mean"": 0.03917418030738184, ""t2m_mean_c_lag_1w"": 7.7976898546291284, ""t2m_mean_c_lag_2w"": 7.784855195139376, ""t2m_mean_c_previous_4w_mean"": 7.515763476555882, ""tp_sum_mm_lag_1w"": 22.46269414367048, ""tp_sum_mm_lag_2w"": 22.460990076331846, ""tp_sum_mm_previous_4w_sum"": 54.133476768744956}",2022-12-26,2023-01-02,2022-11-27,2023-11-26,true,6,0,[],139676.192194704,187862.629743968
fold_07_validate_2023,statistical_baseline_s1_plus_static_geography_weather,S1 plus fixed municipality area and lagged ERA5-Land weather,76532,72928,3604,10176,25,25,log(population),1,training_fold_only,"{""d2m_mean_c_lag_1w"": 6.638660188653773, ""d2m_mean_c_lag_2w"": 6.6507443467912575, ""d2m_mean_c_previous_4w_mean"": 6.650290504092643, ""stl1_mean_c_lag_1w"": 11.078168014381273, ""stl1_mean_c_lag_2w"": 11.098302394903445, ""stl1_mean_c_previous_4w_mean"": 11.101492726357348, ""stl2_mean_c_lag_1w"": 11.031724531740856, ""stl2_mean_c_lag_2w"": 11.048157292152352, ""stl2_mean_c_previous_4w_mean"": 11.048579041533397, ""swvl1_mean_m3_m3_lag_1w"": 0.3570569694224411, ""swvl1_mean_m3_m3_lag_2w"": 0.3568572817282382, ""swvl1_mean_m3_m3_previous_4w_mean"": 0.3568105349041802, ""swvl2_mean_m3_m3_lag_1w"": 0.35653652449543266, ""swvl2_mean_m3_m3_lag_2w"": 0.35631932902809055, ""swvl2_mean_m3_m3_previous_4w_mean"": 0.35628352117079787, ""t2m_mean_c_lag_1w"": 11.045299137778382, ""t2m_mean_c_lag_2w"": 11.068351246598072, ""t2m_mean_c_previous_4w_mean"": 11.073806436127246, ""tp_sum_mm_lag_1w"": 22.98676184384988, ""tp_sum_mm_lag_2w"": 22.942772991008628, ""tp_sum_mm_previous_4w_sum"": 91.658560580236}","{""d2m_mean_c_lag_1w"": 7.09792451050359, ""d2m_mean_c_lag_2w"": 7.091409637853747, ""d2m_mean_c_previous_4w_mean"": 6.730053069153487, ""stl1_mean_c_lag_1w"": 7.4739410481945505, ""stl1_mean_c_lag_2w"": 7.464176363217299, ""stl1_mean_c_previous_4w_mean"": 7.2744099918777145, ""stl2_mean_c_lag_1w"": 7.0666956767690685, ""stl2_mean_c_lag_2w"": 7.059722010461138, ""stl2_mean_c_previous_4w_mean"": 6.907726392696047, ""swvl1_mean_m3_m3_lag_1w"": 0.0422469804119885, ""swvl1_mean_m3_m3_lag_2w"": 0.04221883546888214, ""swvl1_mean_m3_m3_previous_4w_mean"": 0.036420688499904846, ""swvl2_mean_m3_m3_lag_1w"": 0.0439756066654856, ""swvl2_mean_m3_m3_lag_2w"": 0.04393512308792343, ""swvl2_mean_m3_m3_previous_4w_mean"": 0.03917418030738184, ""t2m_mean_c_lag_1w"": 7.7976898546291284, ""t2m_mean_c_lag_2w"": 7.784855195139376, ""t2m_mean_c_previous_4w_mean"": 7.515763476555882, ""tp_sum_mm_lag_1w"": 22.46269414367048, ""tp_sum_mm_lag_2w"": 22.460990076331846, ""tp_sum_mm_previous_4w_sum"": 54.133476768744956}",2022-12-26,2023-01-02,2022-11-27,2023-11-26,true,6,0,[],139585.519104836,186173.35864723
fold_08_validate_2024,statistical_baseline_s1,S1 baseline on common weather support,87556,83952,3604,10388,3,3,log(population),1,,,,2023-12-25,2024-01-01,2023-11-26,2024-12-01,true,6,0,[],165434.10607702,227715.41004497
fold_08_validate_2024,statistical_baseline_s1_plus_static_geography,S1 plus fixed municipality area,87556,83952,3604,10388,4,4,log(population),1,,,,2023-12-25,2024-01-01,2023-11-26,2024-12-01,true,6,0,[],165355.921807161,225925.540186826
fold_08_validate_2024,statistical_baseline_s1_plus_weather,S1 plus lagged ERA5-Land weather,87556,83952,3604,10388,24,24,log(population),1,training_fold_only,"{""d2m_mean_c_lag_1w"": 6.729505200815465, ""d2m_mean_c_lag_2w"": 6.743134367203477, ""d2m_mean_c_previous_4w_mean"": 6.745152023722832, ""stl1_mean_c_lag_1w"": 11.11317151758378, ""stl1_mean_c_lag_2w"": 11.1311943377572, ""stl1_mean_c_previous_4w_mean"": 11.134681048199669, ""stl2_mean_c_lag_1w"": 11.06975278214088, ""stl2_mean_c_lag_2w"": 11.08389120592682, ""stl2_mean_c_previous_4w_mean"": 11.084978511883174, ""swvl1_mean_m3_m3_lag_1w"": 0.3587142287224103, ""swvl1_mean_m3_m3_lag_2w"": 0.35861345703177067, ""swvl1_mean_m3_m3_previous_4w_mean"": 0.35854669558859614, ""swvl2_mean_m3_m3_lag_1w"": 0.3586501896685383, ""swvl2_mean_m3_m3_lag_2w"": 0.3585340097729241, ""swvl2_mean_m3_m3_previous_4w_mean"": 0.35846478601002907, ""t2m_mean_c_lag_1w"": 11.053379318400276, ""t2m_mean_c_lag_2w"": 11.072419270129602, ""t2m_mean_c_previous_4w_mean"": 11.077177263570778, ""tp_sum_mm_lag_1w"": 23.713830148885492, ""tp_sum_mm_lag_2w"": 23.73006533892818, ""tp_sum_mm_previous_4w_sum"": 94.89998262675064}","{""d2m_mean_c_lag_1w"": 7.100224758873777, ""d2m_mean_c_lag_2w"": 7.09168573499481, ""d2m_mean_c_previous_4w_mean"": 6.727447271677243, ""stl1_mean_c_lag_1w"": 7.418888288227856, ""stl1_mean_c_lag_2w"": 7.409706569751219, ""stl1_mean_c_previous_4w_mean"": 7.217263498968175, ""stl2_mean_c_lag_1w"": 7.013979322853564, ""stl2_mean_c_lag_2w"": 7.0078425131191215, ""stl2_mean_c_previous_4w_mean"": 6.853923935030126, ""swvl1_mean_m3_m3_lag_1w"": 0.04163375998512986, ""swvl1_mean_m3_m3_lag_2w"": 0.04166689593848133, ""swvl1_mean_m3_m3_previous_4w_mean"": 0.03564882992179982, ""swvl2_mean_m3_m3_lag_1w"": 0.04314270224260874, ""swvl2_mean_m3_m3_lag_2w"": 0.043168372755238556, ""swvl2_mean_m3_m3_previous_4w_mean"": 0.0382261309215874, ""t2m_mean_c_lag_1w"": 7.769246130797997, ""t2m_mean_c_lag_2w"": 7.759213770606639, ""t2m_mean_c_previous_4w_mean"": 7.485734949150515, ""tp_sum_mm_lag_1w"": 23.854194306261203, ""tp_sum_mm_lag_2w"": 23.8458494366874, ""tp_sum_mm_previous_4w_sum"": 56.5667029281943}",2023-12-25,2024-01-01,2023-11-26,2024-12-01,true,6,0,[],161160.179980738,219213.884128436
fold_08_validate_2024,statistical_baseline_s1_plus_static_geography_weather,S1 plus fixed municipality area and lagged ERA5-Land weather,87556,83952,3604,10388,25,25,log(population),1,training_fold_only,"{""d2m_mean_c_lag_1w"": 6.729505200815465, ""d2m_mean_c_lag_2w"": 6.743134367203477, ""d2m_mean_c_previous_4w_mean"": 6.745152023722832, ""stl1_mean_c_lag_1w"": 11.11317151758378, ""stl1_mean_c_lag_2w"": 11.1311943377572, ""stl1_mean_c_previous_4w_mean"": 11.134681048199669, ""stl2_mean_c_lag_1w"": 11.06975278214088, ""stl2_mean_c_lag_2w"": 11.08389120592682, ""stl2_mean_c_previous_4w_mean"": 11.084978511883174, ""swvl1_mean_m3_m3_lag_1w"": 0.3587142287224103, ""swvl1_mean_m3_m3_lag_2w"": 0.35861345703177067, ""swvl1_mean_m3_m3_previous_4w_mean"": 0.35854669558859614, ""swvl2_mean_m3_m3_lag_1w"": 0.3586501896685383, ""swvl2_mean_m3_m3_lag_2w"": 0.3585340097729241, ""swvl2_mean_m3_m3_previous_4w_mean"": 0.35846478601002907, ""t2m_mean_c_lag_1w"": 11.053379318400276, ""t2m_mean_c_lag_2w"": 11.072419270129602, ""t2m_mean_c_previous_4w_mean"": 11.077177263570778, ""tp_sum_mm_lag_1w"": 23.713830148885492, ""tp_sum_mm_lag_2w"": 23.73006533892818, ""tp_sum_mm_previous_4w_sum"": 94.89998262675064}","{""d2m_mean_c_lag_1w"": 7.100224758873777, ""d2m_mean_c_lag_2w"": 7.09168573499481, ""d2m_mean_c_previous_4w_mean"": 6.727447271677243, ""stl1_mean_c_lag_1w"": 7.418888288227856, ""stl1_mean_c_lag_2w"": 7.409706569751219, ""stl1_mean_c_previous_4w_mean"": 7.217263498968175, ""stl2_mean_c_lag_1w"": 7.013979322853564, ""stl2_mean_c_lag_2w"": 7.0078425131191215, ""stl2_mean_c_previous_4w_mean"": 6.853923935030126, ""swvl1_mean_m3_m3_lag_1w"": 0.04163375998512986, ""swvl1_mean_m3_m3_lag_2w"": 0.04166689593848133, ""swvl1_mean_m3_m3_previous_4w_mean"": 0.03564882992179982, ""swvl2_mean_m3_m3_lag_1w"": 0.04314270224260874, ""swvl2_mean_m3_m3_lag_2w"": 0.043168372755238556, ""swvl2_mean_m3_m3_previous_4w_mean"": 0.0382261309215874, ""t2m_mean_c_lag_1w"": 7.769246130797997, ""t2m_mean_c_lag_2w"": 7.759213770606639, ""t2m_mean_c_previous_4w_mean"": 7.485734949150515, ""tp_sum_mm_lag_1w"": 23.854194306261203, ""tp_sum_mm_lag_2w"": 23.8458494366874, ""tp_sum_mm_previous_4w_sum"": 56.5667029281943}",2023-12-25,2024-01-01,2023-11-26,2024-12-01,true,6,0,[],161090.456876349,217527.771902554
