fold_id,candidate_id,feature,coefficient,standard_error
fold_01_validate_2017,statistical_baseline_s1,intercept,-8.88060126897888,0.0185213464838989
fold_01_validate_2017,statistical_baseline_s1,seasonal_sin_annual,0.455989997484686,0.0155404162609793
fold_01_validate_2017,statistical_baseline_s1,seasonal_cos_annual,-0.950588342772756,0.0236042869829526
fold_01_validate_2017,statistical_baseline_s1_plus_static_geography,intercept,-8.86932579070013,0.0226011977482466
fold_01_validate_2017,statistical_baseline_s1_plus_static_geography,seasonal_sin_annual,0.455989997484687,0.0155404162628945
fold_01_validate_2017,statistical_baseline_s1_plus_static_geography,seasonal_cos_annual,-0.950588342772756,0.0236042869935764
fold_01_validate_2017,statistical_baseline_s1_plus_static_geography,municipality_area_km2,-7.11440217862759e-05,8.19248074984439e-05
fold_01_validate_2017,statistical_baseline_s1_plus_weather,intercept,-9.37617370339795,0.0565214640915688
fold_01_validate_2017,statistical_baseline_s1_plus_weather,seasonal_sin_annual,-0.10612899579899,0.0664350257202839
fold_01_validate_2017,statistical_baseline_s1_plus_weather,seasonal_cos_annual,-1.77919091581876,0.107268689512641
fold_01_validate_2017,statistical_baseline_s1_plus_weather,z_t2m_mean_c_lag_1w,0.655581627110675,0.270677213204081
fold_01_validate_2017,statistical_baseline_s1_plus_weather,z_t2m_mean_c_lag_2w,0.40588942325218,0.277607847272815
fold_01_validate_2017,statistical_baseline_s1_plus_weather,z_t2m_mean_c_previous_4w_mean,-2.89962179066798,0.43853018889636
fold_01_validate_2017,statistical_baseline_s1_plus_weather,z_d2m_mean_c_lag_1w,-0.244564576557529,0.10481034075315
fold_01_validate_2017,statistical_baseline_s1_plus_weather,z_d2m_mean_c_lag_2w,-0.193453180705894,0.104445021434257
fold_01_validate_2017,statistical_baseline_s1_plus_weather,z_d2m_mean_c_previous_4w_mean,0.725944305161569,0.158207140632222
fold_01_validate_2017,statistical_baseline_s1_plus_weather,z_tp_sum_mm_lag_1w,0.0219855388026674,0.0180196380945523
fold_01_validate_2017,statistical_baseline_s1_plus_weather,z_tp_sum_mm_lag_2w,-0.00564120148015076,0.0180042522122571
fold_01_validate_2017,statistical_baseline_s1_plus_weather,z_tp_sum_mm_previous_4w_sum,-9.07166863432741e-05,0.0230650229512008
fold_01_validate_2017,statistical_baseline_s1_plus_weather,z_stl1_mean_c_lag_1w,-1.0832132340754,0.683909946685023
fold_01_validate_2017,statistical_baseline_s1_plus_weather,z_stl1_mean_c_lag_2w,-1.05732332480282,0.636357448902459
fold_01_validate_2017,statistical_baseline_s1_plus_weather,z_stl1_mean_c_previous_4w_mean,2.47105295531415,1.07674519430433
fold_01_validate_2017,statistical_baseline_s1_plus_weather,z_stl2_mean_c_lag_1w,1.00034847238056,0.520355364554354
fold_01_validate_2017,statistical_baseline_s1_plus_weather,z_stl2_mean_c_lag_2w,0.942782576768761,0.409994605021781
fold_01_validate_2017,statistical_baseline_s1_plus_weather,z_stl2_mean_c_previous_4w_mean,-1.24624822149171,0.743258392381724
fold_01_validate_2017,statistical_baseline_s1_plus_weather,z_swvl1_mean_m3_m3_lag_1w,0.13215847102558,0.067799346760164
fold_01_validate_2017,statistical_baseline_s1_plus_weather,z_swvl1_mean_m3_m3_lag_2w,0.0858710845745599,0.0670506470816884
fold_01_validate_2017,statistical_baseline_s1_plus_weather,z_swvl1_mean_m3_m3_previous_4w_mean,-0.200676653087469,0.120206948492608
fold_01_validate_2017,statistical_baseline_s1_plus_weather,z_swvl2_mean_m3_m3_lag_1w,-0.125887812547806,0.0625362324668961
fold_01_validate_2017,statistical_baseline_s1_plus_weather,z_swvl2_mean_m3_m3_lag_2w,-0.123781049027304,0.0641341617991373
fold_01_validate_2017,statistical_baseline_s1_plus_weather,z_swvl2_mean_m3_m3_previous_4w_mean,0.230234531403755,0.109012403206973
fold_01_validate_2017,statistical_baseline_s1_plus_static_geography_weather,intercept,-9.36009308732041,0.0568302291401391
fold_01_validate_2017,statistical_baseline_s1_plus_static_geography_weather,seasonal_sin_annual,-0.127914941648248,0.0669011363282205
fold_01_validate_2017,statistical_baseline_s1_plus_static_geography_weather,seasonal_cos_annual,-1.81731783397841,0.108085845963981
fold_01_validate_2017,statistical_baseline_s1_plus_static_geography_weather,municipality_area_km2,-0.000257575912018214,8.79962219200156e-05
fold_01_validate_2017,statistical_baseline_s1_plus_static_geography_weather,z_t2m_mean_c_lag_1w,0.640915891121035,0.270633814502377
fold_01_validate_2017,statistical_baseline_s1_plus_static_geography_weather,z_t2m_mean_c_lag_2w,0.381651818573975,0.277736958315174
fold_01_validate_2017,statistical_baseline_s1_plus_static_geography_weather,z_t2m_mean_c_previous_4w_mean,-2.79823232867079,0.439650183158777
fold_01_validate_2017,statistical_baseline_s1_plus_static_geography_weather,z_d2m_mean_c_lag_1w,-0.248889431491534,0.10480565821578
fold_01_validate_2017,statistical_baseline_s1_plus_static_geography_weather,z_d2m_mean_c_lag_2w,-0.193523168490959,0.104394453561823
fold_01_validate_2017,statistical_baseline_s1_plus_static_geography_weather,z_d2m_mean_c_previous_4w_mean,0.766913917827141,0.158771462058597
fold_01_validate_2017,statistical_baseline_s1_plus_static_geography_weather,z_tp_sum_mm_lag_1w,0.0230859685142841,0.0180441563121537
fold_01_validate_2017,statistical_baseline_s1_plus_static_geography_weather,z_tp_sum_mm_lag_2w,-0.00464033485783451,0.0180202437848997
fold_01_validate_2017,statistical_baseline_s1_plus_static_geography_weather,z_tp_sum_mm_previous_4w_sum,0.00376157581464542,0.0231239074397005
fold_01_validate_2017,statistical_baseline_s1_plus_static_geography_weather,z_stl1_mean_c_lag_1w,-1.03544856797598,0.684285570664015
fold_01_validate_2017,statistical_baseline_s1_plus_static_geography_weather,z_stl1_mean_c_lag_2w,-0.998771733912047,0.63667833758421
fold_01_validate_2017,statistical_baseline_s1_plus_static_geography_weather,z_stl1_mean_c_previous_4w_mean,2.22448888525372,1.08055218924779
fold_01_validate_2017,statistical_baseline_s1_plus_static_geography_weather,z_stl2_mean_c_lag_1w,0.964001262948907,0.52071613890963
fold_01_validate_2017,statistical_baseline_s1_plus_static_geography_weather,z_stl2_mean_c_lag_2w,0.902046444145297,0.410223206750195
fold_01_validate_2017,statistical_baseline_s1_plus_static_geography_weather,z_stl2_mean_c_previous_4w_mean,-1.15216258187318,0.744596975480151
fold_01_validate_2017,statistical_baseline_s1_plus_static_geography_weather,z_swvl1_mean_m3_m3_lag_1w,0.131113832109265,0.0677741323406417
fold_01_validate_2017,statistical_baseline_s1_plus_static_geography_weather,z_swvl1_mean_m3_m3_lag_2w,0.089298638091313,0.0670665853553377
fold_01_validate_2017,statistical_baseline_s1_plus_static_geography_weather,z_swvl1_mean_m3_m3_previous_4w_mean,-0.193673507493981,0.120152354491159
fold_01_validate_2017,statistical_baseline_s1_plus_static_geography_weather,z_swvl2_mean_m3_m3_lag_1w,-0.130742431964754,0.0625453505041857
fold_01_validate_2017,statistical_baseline_s1_plus_static_geography_weather,z_swvl2_mean_m3_m3_lag_2w,-0.130143601185495,0.06420550265126
fold_01_validate_2017,statistical_baseline_s1_plus_static_geography_weather,z_swvl2_mean_m3_m3_previous_4w_mean,0.21809476664085,0.109072440150998
fold_02_validate_2018,statistical_baseline_s1,intercept,-8.9500880103777,0.00809265163187917
fold_02_validate_2018,statistical_baseline_s1,seasonal_sin_annual,0.304408464313414,0.00872910851106122
fold_02_validate_2018,statistical_baseline_s1,seasonal_cos_annual,-1.02750300607831,0.0105820716126386
fold_02_validate_2018,statistical_baseline_s1_plus_static_geography,intercept,-8.89665045137648,0.0117117465704996
fold_02_validate_2018,statistical_baseline_s1_plus_static_geography,seasonal_sin_annual,0.304409315333409,0.00872910936225893
fold_02_validate_2018,statistical_baseline_s1_plus_static_geography,seasonal_cos_annual,-1.02750205760516,0.0105820707761981
fold_02_validate_2018,statistical_baseline_s1_plus_static_geography,municipality_area_km2,-0.000340231422556761,5.45286657177741e-05
fold_02_validate_2018,statistical_baseline_s1_plus_weather,intercept,-9.0322828170071,0.0132044063375562
fold_02_validate_2018,statistical_baseline_s1_plus_weather,seasonal_sin_annual,0.203549788761197,0.0358846063903477
fold_02_validate_2018,statistical_baseline_s1_plus_weather,seasonal_cos_annual,-1.42894754407588,0.0486647022465386
fold_02_validate_2018,statistical_baseline_s1_plus_weather,z_t2m_mean_c_lag_1w,-0.276756201188378,0.134748063118384
fold_02_validate_2018,statistical_baseline_s1_plus_weather,z_t2m_mean_c_lag_2w,0.0488074682005638,0.14738986004315
fold_02_validate_2018,statistical_baseline_s1_plus_weather,z_t2m_mean_c_previous_4w_mean,-0.452060518803974,0.236364006257834
fold_02_validate_2018,statistical_baseline_s1_plus_weather,z_d2m_mean_c_lag_1w,0.0423576229670865,0.0659095754966987
fold_02_validate_2018,statistical_baseline_s1_plus_weather,z_d2m_mean_c_lag_2w,0.0268206601125637,0.0660911886445059
fold_02_validate_2018,statistical_baseline_s1_plus_weather,z_d2m_mean_c_previous_4w_mean,0.218960615583068,0.114391828289231
fold_02_validate_2018,statistical_baseline_s1_plus_weather,z_tp_sum_mm_lag_1w,0.00143293058958346,0.00977527438400701
fold_02_validate_2018,statistical_baseline_s1_plus_weather,z_tp_sum_mm_lag_2w,0.000584741558301935,0.00999290478301553
fold_02_validate_2018,statistical_baseline_s1_plus_weather,z_tp_sum_mm_previous_4w_sum,0.0913463992365469,0.0128938950034889
fold_02_validate_2018,statistical_baseline_s1_plus_weather,z_stl1_mean_c_lag_1w,-0.656918851326512,0.410486365178866
fold_02_validate_2018,statistical_baseline_s1_plus_weather,z_stl1_mean_c_lag_2w,-1.36537273266782,0.403311173451366
fold_02_validate_2018,statistical_baseline_s1_plus_weather,z_stl1_mean_c_previous_4w_mean,-0.0822857679799819,0.624409947581835
fold_02_validate_2018,statistical_baseline_s1_plus_weather,z_stl2_mean_c_lag_1w,1.19488357934731,0.362546305005082
fold_02_validate_2018,statistical_baseline_s1_plus_weather,z_stl2_mean_c_lag_2w,1.35677716290996,0.314778466834048
fold_02_validate_2018,statistical_baseline_s1_plus_weather,z_stl2_mean_c_previous_4w_mean,-0.379997983286126,0.503792077709206
fold_02_validate_2018,statistical_baseline_s1_plus_weather,z_swvl1_mean_m3_m3_lag_1w,-0.0469400623925546,0.0392060895765549
fold_02_validate_2018,statistical_baseline_s1_plus_weather,z_swvl1_mean_m3_m3_lag_2w,-0.024906932841169,0.0401215669837604
fold_02_validate_2018,statistical_baseline_s1_plus_weather,z_swvl1_mean_m3_m3_previous_4w_mean,-0.239861283651562,0.0689062130846326
fold_02_validate_2018,statistical_baseline_s1_plus_weather,z_swvl2_mean_m3_m3_lag_1w,0.0255153001912521,0.0398716194622146
fold_02_validate_2018,statistical_baseline_s1_plus_weather,z_swvl2_mean_m3_m3_lag_2w,-0.0404136659562828,0.0388983579576237
fold_02_validate_2018,statistical_baseline_s1_plus_weather,z_swvl2_mean_m3_m3_previous_4w_mean,0.350026714133505,0.0656651502908284
fold_02_validate_2018,statistical_baseline_s1_plus_static_geography_weather,intercept,-8.95490034425358,0.0151373828750362
fold_02_validate_2018,statistical_baseline_s1_plus_static_geography_weather,seasonal_sin_annual,0.181216657974141,0.0359187599390465
fold_02_validate_2018,statistical_baseline_s1_plus_static_geography_weather,seasonal_cos_annual,-1.47917032608995,0.0489374344355753
fold_02_validate_2018,statistical_baseline_s1_plus_static_geography_weather,municipality_area_km2,-0.00058014417693376,5.6305871268309e-05
fold_02_validate_2018,statistical_baseline_s1_plus_static_geography_weather,z_t2m_mean_c_lag_1w,-0.299392289171917,0.135273754337842
fold_02_validate_2018,statistical_baseline_s1_plus_static_geography_weather,z_t2m_mean_c_lag_2w,0.0116834294574094,0.148146634330094
fold_02_validate_2018,statistical_baseline_s1_plus_static_geography_weather,z_t2m_mean_c_previous_4w_mean,-0.315671374445007,0.237622249014848
fold_02_validate_2018,statistical_baseline_s1_plus_static_geography_weather,z_d2m_mean_c_lag_1w,0.0551195405690063,0.0658969267115797
fold_02_validate_2018,statistical_baseline_s1_plus_static_geography_weather,z_d2m_mean_c_lag_2w,0.032765047441882,0.0660831848722262
fold_02_validate_2018,statistical_baseline_s1_plus_static_geography_weather,z_d2m_mean_c_previous_4w_mean,0.282509679686046,0.11428758982661
fold_02_validate_2018,statistical_baseline_s1_plus_static_geography_weather,z_tp_sum_mm_lag_1w,0.00182088299270675,0.00978093164121898
fold_02_validate_2018,statistical_baseline_s1_plus_static_geography_weather,z_tp_sum_mm_lag_2w,0.000800764664261278,0.00998698923260465
fold_02_validate_2018,statistical_baseline_s1_plus_static_geography_weather,z_tp_sum_mm_previous_4w_sum,0.10010198133356,0.0129173262378296
fold_02_validate_2018,statistical_baseline_s1_plus_static_geography_weather,z_stl1_mean_c_lag_1w,-0.621341892305777,0.411098945816904
fold_02_validate_2018,statistical_baseline_s1_plus_static_geography_weather,z_stl1_mean_c_lag_2w,-1.26981022220965,0.404465943241166
fold_02_validate_2018,statistical_baseline_s1_plus_static_geography_weather,z_stl1_mean_c_previous_4w_mean,-0.438542272343805,0.627055680734983
fold_02_validate_2018,statistical_baseline_s1_plus_static_geography_weather,z_stl2_mean_c_lag_1w,1.14206951501585,0.362510352870369
fold_02_validate_2018,statistical_baseline_s1_plus_static_geography_weather,z_stl2_mean_c_lag_2w,1.28413306994928,0.314962356188431
fold_02_validate_2018,statistical_baseline_s1_plus_static_geography_weather,z_stl2_mean_c_previous_4w_mean,-0.237889327944365,0.504046539947174
fold_02_validate_2018,statistical_baseline_s1_plus_static_geography_weather,z_swvl1_mean_m3_m3_lag_1w,-0.0491553843509543,0.03915679214232
fold_02_validate_2018,statistical_baseline_s1_plus_static_geography_weather,z_swvl1_mean_m3_m3_lag_2w,-0.0180448080567853,0.0400969569863914
fold_02_validate_2018,statistical_baseline_s1_plus_static_geography_weather,z_swvl1_mean_m3_m3_previous_4w_mean,-0.276995061731541,0.0689193608908996
fold_02_validate_2018,statistical_baseline_s1_plus_static_geography_weather,z_swvl2_mean_m3_m3_lag_1w,0.0191757761354071,0.0398075462551895
fold_02_validate_2018,statistical_baseline_s1_plus_static_geography_weather,z_swvl2_mean_m3_m3_lag_2w,-0.050062625350749,0.038869291902979
fold_02_validate_2018,statistical_baseline_s1_plus_static_geography_weather,z_swvl2_mean_m3_m3_previous_4w_mean,0.375166639908907,0.0656230327651748
fold_03_validate_2019,statistical_baseline_s1,intercept,-8.82055671378893,0.00587651714449765
fold_03_validate_2019,statistical_baseline_s1,seasonal_sin_annual,0.323359806307879,0.00630157284554573
fold_03_validate_2019,statistical_baseline_s1,seasonal_cos_annual,-1.1782709460167,0.00762565466711742
fold_03_validate_2019,statistical_baseline_s1_plus_static_geography,intercept,-8.75403599864662,0.00843813942995453
fold_03_validate_2019,statistical_baseline_s1_plus_static_geography,seasonal_sin_annual,0.323359487749249,0.00630157242285162
fold_03_validate_2019,statistical_baseline_s1_plus_static_geography,seasonal_cos_annual,-1.17827104063781,0.0076256554628559
fold_03_validate_2019,statistical_baseline_s1_plus_static_geography,municipality_area_km2,-0.000424785524727238,3.92302219339222e-05
fold_03_validate_2019,statistical_baseline_s1_plus_weather,intercept,-8.79084346921316,0.0065217634638735
fold_03_validate_2019,statistical_baseline_s1_plus_weather,seasonal_sin_annual,0.686344657059551,0.0216661913865088
fold_03_validate_2019,statistical_baseline_s1_plus_weather,seasonal_cos_annual,-0.799116262778144,0.0265929865704702
fold_03_validate_2019,statistical_baseline_s1_plus_weather,z_t2m_mean_c_lag_1w,-0.69889342583532,0.0718943817059255
fold_03_validate_2019,statistical_baseline_s1_plus_weather,z_t2m_mean_c_lag_2w,-0.238056856429412,0.0788914792234675
fold_03_validate_2019,statistical_baseline_s1_plus_weather,z_t2m_mean_c_previous_4w_mean,0.449537585967929,0.120955286284067
fold_03_validate_2019,statistical_baseline_s1_plus_weather,z_d2m_mean_c_lag_1w,0.532418944481926,0.0476675050324968
fold_03_validate_2019,statistical_baseline_s1_plus_weather,z_d2m_mean_c_lag_2w,0.249474308689284,0.0500919537300535
fold_03_validate_2019,statistical_baseline_s1_plus_weather,z_d2m_mean_c_previous_4w_mean,-0.0124886420060307,0.0798294776793789
fold_03_validate_2019,statistical_baseline_s1_plus_weather,z_tp_sum_mm_lag_1w,-0.00731942117522067,0.00733959221445544
fold_03_validate_2019,statistical_baseline_s1_plus_weather,z_tp_sum_mm_lag_2w,0.00147569267425826,0.0071666039396531
fold_03_validate_2019,statistical_baseline_s1_plus_weather,z_tp_sum_mm_previous_4w_sum,0.046399884469371,0.0094542089734201
fold_03_validate_2019,statistical_baseline_s1_plus_weather,z_stl1_mean_c_lag_1w,-0.387002741291438,0.241436146710073
fold_03_validate_2019,statistical_baseline_s1_plus_weather,z_stl1_mean_c_lag_2w,-0.864950111678736,0.238118157632905
fold_03_validate_2019,statistical_baseline_s1_plus_weather,z_stl1_mean_c_previous_4w_mean,0.229224674270987,0.374436554716873
fold_03_validate_2019,statistical_baseline_s1_plus_weather,z_stl2_mean_c_lag_1w,0.463872485883018,0.252381155260116
fold_03_validate_2019,statistical_baseline_s1_plus_weather,z_stl2_mean_c_lag_2w,0.848085073683168,0.216752313592547
fold_03_validate_2019,statistical_baseline_s1_plus_weather,z_stl2_mean_c_previous_4w_mean,-0.132063708409176,0.336641206227493
fold_03_validate_2019,statistical_baseline_s1_plus_weather,z_swvl1_mean_m3_m3_lag_1w,-0.0667782776275183,0.0288793682893152
fold_03_validate_2019,statistical_baseline_s1_plus_weather,z_swvl1_mean_m3_m3_lag_2w,-0.0264575432114228,0.0297758058683989
fold_03_validate_2019,statistical_baseline_s1_plus_weather,z_swvl1_mean_m3_m3_previous_4w_mean,0.137490440486674,0.0517970769904563
fold_03_validate_2019,statistical_baseline_s1_plus_weather,z_swvl2_mean_m3_m3_lag_1w,0.0155721166903647,0.0293345405286127
fold_03_validate_2019,statistical_baseline_s1_plus_weather,z_swvl2_mean_m3_m3_lag_2w,-0.0235269498458534,0.0286957647187525
fold_03_validate_2019,statistical_baseline_s1_plus_weather,z_swvl2_mean_m3_m3_previous_4w_mean,0.143135924035695,0.0481299210818577
fold_03_validate_2019,statistical_baseline_s1_plus_static_geography_weather,intercept,-8.71546562934602,0.00874126902178425
fold_03_validate_2019,statistical_baseline_s1_plus_static_geography_weather,seasonal_sin_annual,0.671198799051359,0.0216411884765149
fold_03_validate_2019,statistical_baseline_s1_plus_static_geography_weather,seasonal_cos_annual,-0.83533374072341,0.0267271320922398
fold_03_validate_2019,statistical_baseline_s1_plus_static_geography_weather,municipality_area_km2,-0.000517578237190473,4.06250938646769e-05
fold_03_validate_2019,statistical_baseline_s1_plus_static_geography_weather,z_t2m_mean_c_lag_1w,-0.704804139243691,0.0720303645143053
fold_03_validate_2019,statistical_baseline_s1_plus_static_geography_weather,z_t2m_mean_c_lag_2w,-0.245547403740131,0.0790339390202648
fold_03_validate_2019,statistical_baseline_s1_plus_static_geography_weather,z_t2m_mean_c_previous_4w_mean,0.434178443217587,0.121092543840858
fold_03_validate_2019,statistical_baseline_s1_plus_static_geography_weather,z_d2m_mean_c_lag_1w,0.543624826824159,0.0476389962359983
fold_03_validate_2019,statistical_baseline_s1_plus_static_geography_weather,z_d2m_mean_c_lag_2w,0.251500403241377,0.0500521484086211
fold_03_validate_2019,statistical_baseline_s1_plus_static_geography_weather,z_d2m_mean_c_previous_4w_mean,0.0802340870712957,0.0799438370010195
fold_03_validate_2019,statistical_baseline_s1_plus_static_geography_weather,z_tp_sum_mm_lag_1w,-0.00738815701714231,0.0073456642399448
fold_03_validate_2019,statistical_baseline_s1_plus_static_geography_weather,z_tp_sum_mm_lag_2w,0.00289234184028438,0.00717046594005943
fold_03_validate_2019,statistical_baseline_s1_plus_static_geography_weather,z_tp_sum_mm_previous_4w_sum,0.0521864208403042,0.00946638005453124
fold_03_validate_2019,statistical_baseline_s1_plus_static_geography_weather,z_stl1_mean_c_lag_1w,-0.441153354954554,0.241545281085986
fold_03_validate_2019,statistical_baseline_s1_plus_static_geography_weather,z_stl1_mean_c_lag_2w,-0.847316909264062,0.238025485174996
fold_03_validate_2019,statistical_baseline_s1_plus_static_geography_weather,z_stl1_mean_c_previous_4w_mean,0.169873728429425,0.374215957793537
fold_03_validate_2019,statistical_baseline_s1_plus_static_geography_weather,z_stl2_mean_c_lag_1w,0.497862518951683,0.252054159407336
fold_03_validate_2019,statistical_baseline_s1_plus_static_geography_weather,z_stl2_mean_c_lag_2w,0.828717651379199,0.216442957593032
fold_03_validate_2019,statistical_baseline_s1_plus_static_geography_weather,z_stl2_mean_c_previous_4w_mean,-0.170540646837341,0.336167887978142
fold_03_validate_2019,statistical_baseline_s1_plus_static_geography_weather,z_swvl1_mean_m3_m3_lag_1w,-0.0698516293549123,0.0288451484433262
fold_03_validate_2019,statistical_baseline_s1_plus_static_geography_weather,z_swvl1_mean_m3_m3_lag_2w,-0.0207460877137948,0.0297532345837892
fold_03_validate_2019,statistical_baseline_s1_plus_static_geography_weather,z_swvl1_mean_m3_m3_previous_4w_mean,0.118066579770888,0.0517382221596851
fold_03_validate_2019,statistical_baseline_s1_plus_static_geography_weather,z_swvl2_mean_m3_m3_lag_1w,0.00935855352553391,0.0292965085153447
fold_03_validate_2019,statistical_baseline_s1_plus_static_geography_weather,z_swvl2_mean_m3_m3_lag_2w,-0.0330538320342974,0.0286748432772234
fold_03_validate_2019,statistical_baseline_s1_plus_static_geography_weather,z_swvl2_mean_m3_m3_previous_4w_mean,0.150775347310422,0.048067426216769
fold_04_validate_2020,statistical_baseline_s1,intercept,-8.88081267315032,0.00505183473894084
fold_04_validate_2020,statistical_baseline_s1,seasonal_sin_annual,0.292403450656585,0.00557135252267358
fold_04_validate_2020,statistical_baseline_s1,seasonal_cos_annual,-1.14120278454266,0.0066005939510775
fold_04_validate_2020,statistical_baseline_s1_plus_static_geography,intercept,-8.80945911474652,0.00740120126233654
fold_04_validate_2020,statistical_baseline_s1_plus_static_geography,seasonal_sin_annual,0.292402750314747,0.00557135206315688
fold_04_validate_2020,statistical_baseline_s1_plus_static_geography,seasonal_cos_annual,-1.14120337038336,0.00660059485078393
fold_04_validate_2020,statistical_baseline_s1_plus_static_geography,municipality_area_km2,-0.000456160561037519,3.51183110221679e-05
fold_04_validate_2020,statistical_baseline_s1_plus_weather,intercept,-8.8533859927551,0.0053244123940837
fold_04_validate_2020,statistical_baseline_s1_plus_weather,seasonal_sin_annual,0.649697388217597,0.0193882527675659
fold_04_validate_2020,statistical_baseline_s1_plus_weather,seasonal_cos_annual,-0.746756637134007,0.0235736754773809
fold_04_validate_2020,statistical_baseline_s1_plus_weather,z_t2m_mean_c_lag_1w,-0.527777988864806,0.0625902587714817
fold_04_validate_2020,statistical_baseline_s1_plus_weather,z_t2m_mean_c_lag_2w,-0.208857648949092,0.0685768021056807
fold_04_validate_2020,statistical_baseline_s1_plus_weather,z_t2m_mean_c_previous_4w_mean,-0.185411683678125,0.106600691831526
fold_04_validate_2020,statistical_baseline_s1_plus_weather,z_d2m_mean_c_lag_1w,0.339923573159285,0.0413584518251731
fold_04_validate_2020,statistical_baseline_s1_plus_weather,z_d2m_mean_c_lag_2w,0.206048104925782,0.0433305993107599
fold_04_validate_2020,statistical_baseline_s1_plus_weather,z_d2m_mean_c_previous_4w_mean,0.119166312974106,0.0709952049008576
fold_04_validate_2020,statistical_baseline_s1_plus_weather,z_tp_sum_mm_lag_1w,0.00384543957406269,0.00654979407467523
fold_04_validate_2020,statistical_baseline_s1_plus_weather,z_tp_sum_mm_lag_2w,0.00116024569992644,0.00646516185500259
fold_04_validate_2020,statistical_baseline_s1_plus_weather,z_tp_sum_mm_previous_4w_sum,0.0245452067439924,0.00865102499110651
fold_04_validate_2020,statistical_baseline_s1_plus_weather,z_stl1_mean_c_lag_1w,0.0688132821463563,0.221750975122089
fold_04_validate_2020,statistical_baseline_s1_plus_weather,z_stl1_mean_c_lag_2w,-0.593668968284185,0.213211073279854
fold_04_validate_2020,statistical_baseline_s1_plus_weather,z_stl1_mean_c_previous_4w_mean,0.486377328687632,0.334251220630877
fold_04_validate_2020,statistical_baseline_s1_plus_weather,z_stl2_mean_c_lag_1w,0.101550886285975,0.231186945163205
fold_04_validate_2020,statistical_baseline_s1_plus_weather,z_stl2_mean_c_lag_2w,0.54360842343933,0.193896142858344
fold_04_validate_2020,statistical_baseline_s1_plus_weather,z_stl2_mean_c_previous_4w_mean,0.0929383700530229,0.299456015974165
fold_04_validate_2020,statistical_baseline_s1_plus_weather,z_swvl1_mean_m3_m3_lag_1w,-0.0625220980819605,0.0240932032385756
fold_04_validate_2020,statistical_baseline_s1_plus_weather,z_swvl1_mean_m3_m3_lag_2w,-0.0300440412495818,0.0248918417541566
fold_04_validate_2020,statistical_baseline_s1_plus_weather,z_swvl1_mean_m3_m3_previous_4w_mean,0.294913218490455,0.0435244274124416
fold_04_validate_2020,statistical_baseline_s1_plus_weather,z_swvl2_mean_m3_m3_lag_1w,0.0113330906529625,0.0245094359388192
fold_04_validate_2020,statistical_baseline_s1_plus_weather,z_swvl2_mean_m3_m3_lag_2w,-0.00297867384144017,0.023583318571117
fold_04_validate_2020,statistical_baseline_s1_plus_weather,z_swvl2_mean_m3_m3_previous_4w_mean,-0.047582701574295,0.0407175200250009
fold_04_validate_2020,statistical_baseline_s1_plus_static_geography_weather,intercept,-8.77711208150091,0.00754177737359017
fold_04_validate_2020,statistical_baseline_s1_plus_static_geography_weather,seasonal_sin_annual,0.639785353276826,0.0193548455872329
fold_04_validate_2020,statistical_baseline_s1_plus_static_geography_weather,seasonal_cos_annual,-0.776458044744152,0.0236382394538777
fold_04_validate_2020,statistical_baseline_s1_plus_static_geography_weather,municipality_area_km2,-0.000510840142876603,3.63782747894701e-05
fold_04_validate_2020,statistical_baseline_s1_plus_static_geography_weather,z_t2m_mean_c_lag_1w,-0.535305532156459,0.0627335082122285
fold_04_validate_2020,statistical_baseline_s1_plus_static_geography_weather,z_t2m_mean_c_lag_2w,-0.219679486673162,0.0687197983411606
fold_04_validate_2020,statistical_baseline_s1_plus_static_geography_weather,z_t2m_mean_c_previous_4w_mean,-0.193178250405281,0.106790960254027
fold_04_validate_2020,statistical_baseline_s1_plus_static_geography_weather,z_d2m_mean_c_lag_1w,0.34978987177209,0.0413738132586937
fold_04_validate_2020,statistical_baseline_s1_plus_static_geography_weather,z_d2m_mean_c_lag_2w,0.210423327025729,0.0433410948354341
fold_04_validate_2020,statistical_baseline_s1_plus_static_geography_weather,z_d2m_mean_c_previous_4w_mean,0.205203788483699,0.0711550739122412
fold_04_validate_2020,statistical_baseline_s1_plus_static_geography_weather,z_tp_sum_mm_lag_1w,0.00359823925644696,0.00655367483158452
fold_04_validate_2020,statistical_baseline_s1_plus_static_geography_weather,z_tp_sum_mm_lag_2w,0.00222811791685646,0.00646641559764951
fold_04_validate_2020,statistical_baseline_s1_plus_static_geography_weather,z_tp_sum_mm_previous_4w_sum,0.0310041876343986,0.0086636990222169
fold_04_validate_2020,statistical_baseline_s1_plus_static_geography_weather,z_stl1_mean_c_lag_1w,0.0297198773275623,0.221902298032288
fold_04_validate_2020,statistical_baseline_s1_plus_static_geography_weather,z_stl1_mean_c_lag_2w,-0.575379436141135,0.213154670934434
fold_04_validate_2020,statistical_baseline_s1_plus_static_geography_weather,z_stl1_mean_c_previous_4w_mean,0.417333272347349,0.334140494690506
fold_04_validate_2020,statistical_baseline_s1_plus_static_geography_weather,z_stl2_mean_c_lag_1w,0.119300957264959,0.230989869261617
fold_04_validate_2020,statistical_baseline_s1_plus_static_geography_weather,z_stl2_mean_c_lag_2w,0.521790040128569,0.193678033404182
fold_04_validate_2020,statistical_baseline_s1_plus_static_geography_weather,z_stl2_mean_c_previous_4w_mean,0.0758713500022986,0.299094656937598
fold_04_validate_2020,statistical_baseline_s1_plus_static_geography_weather,z_swvl1_mean_m3_m3_lag_1w,-0.0660476922171662,0.0240628233031103
fold_04_validate_2020,statistical_baseline_s1_plus_static_geography_weather,z_swvl1_mean_m3_m3_lag_2w,-0.0239226140989536,0.0248721477184036
fold_04_validate_2020,statistical_baseline_s1_plus_static_geography_weather,z_swvl1_mean_m3_m3_previous_4w_mean,0.283976146910632,0.0434536144560975
fold_04_validate_2020,statistical_baseline_s1_plus_static_geography_weather,z_swvl2_mean_m3_m3_lag_1w,0.00595845865918535,0.024481043104434
fold_04_validate_2020,statistical_baseline_s1_plus_static_geography_weather,z_swvl2_mean_m3_m3_lag_2w,-0.0125894854562603,0.0235657407838363
fold_04_validate_2020,statistical_baseline_s1_plus_static_geography_weather,z_swvl2_mean_m3_m3_previous_4w_mean,-0.0468838774593083,0.0406555261727755
fold_05_validate_2021,statistical_baseline_s1,intercept,-8.83542069202358,0.00440722773718641
fold_05_validate_2021,statistical_baseline_s1,seasonal_sin_annual,0.333564232520556,0.00478243341562108
fold_05_validate_2021,statistical_baseline_s1,seasonal_cos_annual,-1.21361028061104,0.00571697119628697
fold_05_validate_2021,statistical_baseline_s1_plus_static_geography,intercept,-8.76996076331482,0.00637322052511112
fold_05_validate_2021,statistical_baseline_s1_plus_static_geography,seasonal_sin_annual,0.333563587904973,0.00478243320710747
fold_05_validate_2021,statistical_baseline_s1_plus_static_geography,seasonal_cos_annual,-1.21361099343936,0.00571697179021629
fold_05_validate_2021,statistical_baseline_s1_plus_static_geography,municipality_area_km2,-0.000417959491935288,2.98139954158165e-05
fold_05_validate_2021,statistical_baseline_s1_plus_weather,intercept,-8.84009599594234,0.00460840516172583
fold_05_validate_2021,statistical_baseline_s1_plus_weather,seasonal_sin_annual,0.318083746135781,0.0166304795326935
fold_05_validate_2021,statistical_baseline_s1_plus_weather,seasonal_cos_annual,-1.32008451632182,0.0202753144714739
fold_05_validate_2021,statistical_baseline_s1_plus_weather,z_t2m_mean_c_lag_1w,-0.618918138281665,0.0516387870082455
fold_05_validate_2021,statistical_baseline_s1_plus_weather,z_t2m_mean_c_lag_2w,-0.198219299504934,0.0573632864322985
fold_05_validate_2021,statistical_baseline_s1_plus_weather,z_t2m_mean_c_previous_4w_mean,0.767725790014792,0.087029342169544
fold_05_validate_2021,statistical_baseline_s1_plus_weather,z_d2m_mean_c_lag_1w,0.460518803805329,0.0313630033589789
fold_05_validate_2021,statistical_baseline_s1_plus_weather,z_d2m_mean_c_lag_2w,0.227478533890047,0.0348218557341323
fold_05_validate_2021,statistical_baseline_s1_plus_weather,z_d2m_mean_c_previous_4w_mean,-1.07413983003231,0.0534109194646437
fold_05_validate_2021,statistical_baseline_s1_plus_weather,z_tp_sum_mm_lag_1w,-0.0315819804317193,0.00574640675006036
fold_05_validate_2021,statistical_baseline_s1_plus_weather,z_tp_sum_mm_lag_2w,-0.0261387021548588,0.00554423408942996
fold_05_validate_2021,statistical_baseline_s1_plus_weather,z_tp_sum_mm_previous_4w_sum,0.100974491490335,0.00746146979315142
fold_05_validate_2021,statistical_baseline_s1_plus_weather,z_stl1_mean_c_lag_1w,-1.76780321933868,0.188638617806574
fold_05_validate_2021,statistical_baseline_s1_plus_weather,z_stl1_mean_c_lag_2w,-1.71451007553123,0.176820206142918
fold_05_validate_2021,statistical_baseline_s1_plus_weather,z_stl1_mean_c_previous_4w_mean,1.81687020482918,0.278754166397224
fold_05_validate_2021,statistical_baseline_s1_plus_weather,z_stl2_mean_c_lag_1w,2.22706570253218,0.192257560016724
fold_05_validate_2021,statistical_baseline_s1_plus_weather,z_stl2_mean_c_lag_2w,1.69946440465316,0.158182399723938
fold_05_validate_2021,statistical_baseline_s1_plus_weather,z_stl2_mean_c_previous_4w_mean,-1.88850860802195,0.242352951252774
fold_05_validate_2021,statistical_baseline_s1_plus_weather,z_swvl1_mean_m3_m3_lag_1w,-0.0522676176054328,0.0200279822779743
fold_05_validate_2021,statistical_baseline_s1_plus_weather,z_swvl1_mean_m3_m3_lag_2w,0.0139274702906212,0.0208356702009271
fold_05_validate_2021,statistical_baseline_s1_plus_weather,z_swvl1_mean_m3_m3_previous_4w_mean,0.263758632992386,0.0345966564298477
fold_05_validate_2021,statistical_baseline_s1_plus_weather,z_swvl2_mean_m3_m3_lag_1w,0.0077428371736907,0.0202970970107517
fold_05_validate_2021,statistical_baseline_s1_plus_weather,z_swvl2_mean_m3_m3_lag_2w,-0.0254232154959782,0.0194172775873477
fold_05_validate_2021,statistical_baseline_s1_plus_weather,z_swvl2_mean_m3_m3_previous_4w_mean,-0.064441495322341,0.0318995583955248
fold_05_validate_2021,statistical_baseline_s1_plus_static_geography_weather,intercept,-8.78090039155128,0.0065213556586151
fold_05_validate_2021,statistical_baseline_s1_plus_static_geography_weather,seasonal_sin_annual,0.310236802618097,0.0166220639999008
fold_05_validate_2021,statistical_baseline_s1_plus_static_geography_weather,seasonal_cos_annual,-1.34524186373315,0.0203606772779109
fold_05_validate_2021,statistical_baseline_s1_plus_static_geography_weather,municipality_area_km2,-0.000391087794807689,3.0882176771826e-05
fold_05_validate_2021,statistical_baseline_s1_plus_static_geography_weather,z_t2m_mean_c_lag_1w,-0.62299584319028,0.0517786490515192
fold_05_validate_2021,statistical_baseline_s1_plus_static_geography_weather,z_t2m_mean_c_lag_2w,-0.20499153084163,0.0574756538625806
fold_05_validate_2021,statistical_baseline_s1_plus_static_geography_weather,z_t2m_mean_c_previous_4w_mean,0.777427750423044,0.0872209352324209
fold_05_validate_2021,statistical_baseline_s1_plus_static_geography_weather,z_d2m_mean_c_lag_1w,0.467533712231876,0.0313994659158871
fold_05_validate_2021,statistical_baseline_s1_plus_static_geography_weather,z_d2m_mean_c_lag_2w,0.228165235292503,0.0348345891527674
fold_05_validate_2021,statistical_baseline_s1_plus_static_geography_weather,z_d2m_mean_c_previous_4w_mean,-1.02078626078737,0.0535477624659164
fold_05_validate_2021,statistical_baseline_s1_plus_static_geography_weather,z_tp_sum_mm_lag_1w,-0.0317999116992745,0.00574793840920727
fold_05_validate_2021,statistical_baseline_s1_plus_static_geography_weather,z_tp_sum_mm_lag_2w,-0.0251158741974635,0.0055446639561376
fold_05_validate_2021,statistical_baseline_s1_plus_static_geography_weather,z_tp_sum_mm_previous_4w_sum,0.106586093850411,0.0074727659446416
fold_05_validate_2021,statistical_baseline_s1_plus_static_geography_weather,z_stl1_mean_c_lag_1w,-1.80789270341143,0.188798647084582
fold_05_validate_2021,statistical_baseline_s1_plus_static_geography_weather,z_stl1_mean_c_lag_2w,-1.6994217912523,0.176807147660711
fold_05_validate_2021,statistical_baseline_s1_plus_static_geography_weather,z_stl1_mean_c_previous_4w_mean,1.73404590887345,0.278880858728635
fold_05_validate_2021,statistical_baseline_s1_plus_static_geography_weather,z_stl2_mean_c_lag_1w,2.25460547074735,0.19217652117515
fold_05_validate_2021,statistical_baseline_s1_plus_static_geography_weather,z_stl2_mean_c_lag_2w,1.6854271322256,0.158043828001884
fold_05_validate_2021,statistical_baseline_s1_plus_static_geography_weather,z_stl2_mean_c_previous_4w_mean,-1.88343395644473,0.24224904748533
fold_05_validate_2021,statistical_baseline_s1_plus_static_geography_weather,z_swvl1_mean_m3_m3_lag_1w,-0.0550563117776357,0.0200044862727111
fold_05_validate_2021,statistical_baseline_s1_plus_static_geography_weather,z_swvl1_mean_m3_m3_lag_2w,0.0184120315428507,0.0208246272724913
fold_05_validate_2021,statistical_baseline_s1_plus_static_geography_weather,z_swvl1_mean_m3_m3_previous_4w_mean,0.249117372611949,0.0345565081114582
fold_05_validate_2021,statistical_baseline_s1_plus_static_geography_weather,z_swvl2_mean_m3_m3_lag_1w,0.00376441882775803,0.0202716291815093
fold_05_validate_2021,statistical_baseline_s1_plus_static_geography_weather,z_swvl2_mean_m3_m3_lag_2w,-0.0321129278817357,0.0194076932419712
fold_05_validate_2021,statistical_baseline_s1_plus_static_geography_weather,z_swvl2_mean_m3_m3_previous_4w_mean,-0.05749113444818,0.0318586288849461
fold_06_validate_2022,statistical_baseline_s1,intercept,-8.90834636013749,0.00410259320801547
fold_06_validate_2022,statistical_baseline_s1,seasonal_sin_annual,0.325940276774289,0.00451874748150502
fold_06_validate_2022,statistical_baseline_s1,seasonal_cos_annual,-1.1852171163298,0.00534016497839853
fold_06_validate_2022,statistical_baseline_s1_plus_static_geography,intercept,-8.84928450461325,0.00600077529579892
fold_06_validate_2022,statistical_baseline_s1_plus_static_geography,seasonal_sin_annual,0.325939566777478,0.0045187471987424
fold_06_validate_2022,statistical_baseline_s1_plus_static_geography,seasonal_cos_annual,-1.18521777052976,0.00534016570333892
fold_06_validate_2022,statistical_baseline_s1_plus_static_geography,municipality_area_km2,-0.000376603697417872,2.82825878800941e-05
fold_06_validate_2022,statistical_baseline_s1_plus_weather,intercept,-8.89782261657342,0.00420401816206188
fold_06_validate_2022,statistical_baseline_s1_plus_weather,seasonal_sin_annual,0.550488227432336,0.0155911784612566
fold_06_validate_2022,statistical_baseline_s1_plus_weather,seasonal_cos_annual,-1.08172065417656,0.018968719335876
fold_06_validate_2022,statistical_baseline_s1_plus_weather,z_t2m_mean_c_lag_1w,-0.573420220318786,0.0493977778375915
fold_06_validate_2022,statistical_baseline_s1_plus_weather,z_t2m_mean_c_lag_2w,-0.207187285691301,0.0555834696978082
fold_06_validate_2022,statistical_baseline_s1_plus_weather,z_t2m_mean_c_previous_4w_mean,0.45369521501558,0.0839327101669133
fold_06_validate_2022,statistical_baseline_s1_plus_weather,z_d2m_mean_c_lag_1w,0.401151039491409,0.02974978207399
fold_06_validate_2022,statistical_baseline_s1_plus_weather,z_d2m_mean_c_lag_2w,0.229169026225497,0.0328046872862459
fold_06_validate_2022,statistical_baseline_s1_plus_weather,z_d2m_mean_c_previous_4w_mean,-0.94089645664595,0.0512477389002825
fold_06_validate_2022,statistical_baseline_s1_plus_weather,z_tp_sum_mm_lag_1w,-0.0119205091874497,0.00536409197234071
fold_06_validate_2022,statistical_baseline_s1_plus_weather,z_tp_sum_mm_lag_2w,-0.0124943683407573,0.00527485426934051
fold_06_validate_2022,statistical_baseline_s1_plus_weather,z_tp_sum_mm_previous_4w_sum,0.0718194089614313,0.00696255401191682
fold_06_validate_2022,statistical_baseline_s1_plus_weather,z_stl1_mean_c_lag_1w,-1.33781938278653,0.177562590828874
fold_06_validate_2022,statistical_baseline_s1_plus_weather,z_stl1_mean_c_lag_2w,-1.70438977278239,0.167641381595204
fold_06_validate_2022,statistical_baseline_s1_plus_weather,z_stl1_mean_c_previous_4w_mean,0.767450174527797,0.263524650885126
fold_06_validate_2022,statistical_baseline_s1_plus_weather,z_stl2_mean_c_lag_1w,1.90760404909651,0.17856672144448
fold_06_validate_2022,statistical_baseline_s1_plus_weather,z_stl2_mean_c_lag_2w,1.7542282981466,0.150355440793924
fold_06_validate_2022,statistical_baseline_s1_plus_weather,z_stl2_mean_c_previous_4w_mean,-0.542915666173945,0.226398620704247
fold_06_validate_2022,statistical_baseline_s1_plus_weather,z_swvl1_mean_m3_m3_lag_1w,0.000231057491142941,0.017900606538379
fold_06_validate_2022,statistical_baseline_s1_plus_weather,z_swvl1_mean_m3_m3_lag_2w,0.0320052803113872,0.0192323048351841
fold_06_validate_2022,statistical_baseline_s1_plus_weather,z_swvl1_mean_m3_m3_previous_4w_mean,0.364558075215476,0.0310057784261105
fold_06_validate_2022,statistical_baseline_s1_plus_weather,z_swvl2_mean_m3_m3_lag_1w,-0.0652903532553797,0.0183610937531918
fold_06_validate_2022,statistical_baseline_s1_plus_weather,z_swvl2_mean_m3_m3_lag_2w,-0.0594626550282518,0.0182590969161586
fold_06_validate_2022,statistical_baseline_s1_plus_weather,z_swvl2_mean_m3_m3_previous_4w_mean,-0.0860889388498121,0.0288260312575013
fold_06_validate_2022,statistical_baseline_s1_plus_static_geography_weather,intercept,-8.84945985997579,0.00611366982793168
fold_06_validate_2022,statistical_baseline_s1_plus_static_geography_weather,seasonal_sin_annual,0.546886850033105,0.0155720944416008
fold_06_validate_2022,statistical_baseline_s1_plus_static_geography_weather,seasonal_cos_annual,-1.09880053154436,0.0190287352286258
fold_06_validate_2022,statistical_baseline_s1_plus_static_geography_weather,municipality_area_km2,-0.000315126394958511,2.92323009984488e-05
fold_06_validate_2022,statistical_baseline_s1_plus_static_geography_weather,z_t2m_mean_c_lag_1w,-0.575940062872827,0.0494979730156725
fold_06_validate_2022,statistical_baseline_s1_plus_static_geography_weather,z_t2m_mean_c_lag_2w,-0.210818162103105,0.0556652885572957
fold_06_validate_2022,statistical_baseline_s1_plus_static_geography_weather,z_t2m_mean_c_previous_4w_mean,0.45818621785758,0.0840712342465546
fold_06_validate_2022,statistical_baseline_s1_plus_static_geography_weather,z_d2m_mean_c_lag_1w,0.406030277292946,0.0297759996071969
fold_06_validate_2022,statistical_baseline_s1_plus_static_geography_weather,z_d2m_mean_c_lag_2w,0.229577984693638,0.0328126667456491
fold_06_validate_2022,statistical_baseline_s1_plus_static_geography_weather,z_d2m_mean_c_previous_4w_mean,-0.897297848298505,0.051392592032605
fold_06_validate_2022,statistical_baseline_s1_plus_static_geography_weather,z_tp_sum_mm_lag_1w,-0.0122836055563223,0.00536508077883542
fold_06_validate_2022,statistical_baseline_s1_plus_static_geography_weather,z_tp_sum_mm_lag_2w,-0.0117709377157835,0.00527571445947691
fold_06_validate_2022,statistical_baseline_s1_plus_static_geography_weather,z_tp_sum_mm_previous_4w_sum,0.076435024134032,0.00697393767955565
fold_06_validate_2022,statistical_baseline_s1_plus_static_geography_weather,z_stl1_mean_c_lag_1w,-1.3675304083164,0.177704076903207
fold_06_validate_2022,statistical_baseline_s1_plus_static_geography_weather,z_stl1_mean_c_lag_2w,-1.69638705365179,0.167630898102805
fold_06_validate_2022,statistical_baseline_s1_plus_static_geography_weather,z_stl1_mean_c_previous_4w_mean,0.695866549399436,0.263633679869424
fold_06_validate_2022,statistical_baseline_s1_plus_static_geography_weather,z_stl2_mean_c_lag_1w,1.92811912284953,0.178526379753405
fold_06_validate_2022,statistical_baseline_s1_plus_static_geography_weather,z_stl2_mean_c_lag_2w,1.74513693916837,0.150255389719545
fold_06_validate_2022,statistical_baseline_s1_plus_static_geography_weather,z_stl2_mean_c_previous_4w_mean,-0.529521373581557,0.226308151261525
fold_06_validate_2022,statistical_baseline_s1_plus_static_geography_weather,z_swvl1_mean_m3_m3_lag_1w,-0.00180449821804877,0.0178807849872668
fold_06_validate_2022,statistical_baseline_s1_plus_static_geography_weather,z_swvl1_mean_m3_m3_lag_2w,0.0357567356933113,0.0192186799750009
fold_06_validate_2022,statistical_baseline_s1_plus_static_geography_weather,z_swvl1_mean_m3_m3_previous_4w_mean,0.35569138888611,0.0309771243842444
fold_06_validate_2022,statistical_baseline_s1_plus_static_geography_weather,z_swvl2_mean_m3_m3_lag_1w,-0.0687735442671355,0.0183416223340655
fold_06_validate_2022,statistical_baseline_s1_plus_static_geography_weather,z_swvl2_mean_m3_m3_lag_2w,-0.0651918400963327,0.0182511393968476
fold_06_validate_2022,statistical_baseline_s1_plus_static_geography_weather,z_swvl2_mean_m3_m3_previous_4w_mean,-0.083098114424885,0.0287889625918737
fold_07_validate_2023,statistical_baseline_s1,intercept,-8.94726639641795,0.00384431079564983
fold_07_validate_2023,statistical_baseline_s1,seasonal_sin_annual,0.320093184587243,0.00424065887708441
fold_07_validate_2023,statistical_baseline_s1,seasonal_cos_annual,-1.1920658247909,0.00500534042533494
fold_07_validate_2023,statistical_baseline_s1_plus_static_geography,intercept,-8.90273068199236,0.00563788171545356
fold_07_validate_2023,statistical_baseline_s1_plus_static_geography,seasonal_sin_annual,0.320092445245945,0.00424065853753068
fold_07_validate_2023,statistical_baseline_s1_plus_static_geography,seasonal_cos_annual,-1.19206637366323,0.00500534126175436
fold_07_validate_2023,statistical_baseline_s1_plus_static_geography,municipality_area_km2,-0.000283114481546027,2.64685137975113e-05
fold_07_validate_2023,statistical_baseline_s1_plus_weather,intercept,-8.94088782228981,0.00391351679170078
fold_07_validate_2023,statistical_baseline_s1_plus_weather,seasonal_sin_annual,0.498035234972101,0.0149218933122423
fold_07_validate_2023,statistical_baseline_s1_plus_weather,seasonal_cos_annual,-1.19105924955744,0.0182667033965749
fold_07_validate_2023,statistical_baseline_s1_plus_weather,z_t2m_mean_c_lag_1w,-0.612923408504039,0.0463105161212295
fold_07_validate_2023,statistical_baseline_s1_plus_weather,z_t2m_mean_c_lag_2w,-0.273294130991333,0.0512780336054685
fold_07_validate_2023,statistical_baseline_s1_plus_weather,z_t2m_mean_c_previous_4w_mean,0.175832154205965,0.0788380440336877
fold_07_validate_2023,statistical_baseline_s1_plus_weather,z_d2m_mean_c_lag_1w,0.362203423346667,0.0273484581670939
fold_07_validate_2023,statistical_baseline_s1_plus_weather,z_d2m_mean_c_lag_2w,0.255500590198322,0.0297209056373052
fold_07_validate_2023,statistical_baseline_s1_plus_weather,z_d2m_mean_c_previous_4w_mean,-0.633522149819825,0.0475450600835442
fold_07_validate_2023,statistical_baseline_s1_plus_weather,z_tp_sum_mm_lag_1w,-0.00702037645433469,0.00503334217105144
fold_07_validate_2023,statistical_baseline_s1_plus_weather,z_tp_sum_mm_lag_2w,-0.0143755541863111,0.00491826413499624
fold_07_validate_2023,statistical_baseline_s1_plus_weather,z_tp_sum_mm_previous_4w_sum,0.0725151416208708,0.00653823786604524
fold_07_validate_2023,statistical_baseline_s1_plus_weather,z_stl1_mean_c_lag_1w,-1.02921421735005,0.163910621376128
fold_07_validate_2023,statistical_baseline_s1_plus_weather,z_stl1_mean_c_lag_2w,-1.50049373955889,0.156065666985006
fold_07_validate_2023,statistical_baseline_s1_plus_weather,z_stl1_mean_c_previous_4w_mean,0.617136387706995,0.250992936265955
fold_07_validate_2023,statistical_baseline_s1_plus_weather,z_stl2_mean_c_lag_1w,1.62273147901774,0.16412323710766
fold_07_validate_2023,statistical_baseline_s1_plus_weather,z_stl2_mean_c_lag_2w,1.57122896692588,0.139277314633147
fold_07_validate_2023,statistical_baseline_s1_plus_weather,z_stl2_mean_c_previous_4w_mean,-0.446995210425348,0.214547899967576
fold_07_validate_2023,statistical_baseline_s1_plus_weather,z_swvl1_mean_m3_m3_lag_1w,-0.00450290912225711,0.0170220977149058
fold_07_validate_2023,statistical_baseline_s1_plus_weather,z_swvl1_mean_m3_m3_lag_2w,0.0235839404961579,0.018326886482616
fold_07_validate_2023,statistical_baseline_s1_plus_weather,z_swvl1_mean_m3_m3_previous_4w_mean,0.266354361533247,0.0294244046799488
fold_07_validate_2023,statistical_baseline_s1_plus_weather,z_swvl2_mean_m3_m3_lag_1w,-0.0545013031603088,0.0176865812982326
fold_07_validate_2023,statistical_baseline_s1_plus_weather,z_swvl2_mean_m3_m3_lag_2w,-0.049448459861218,0.0177497128896652
fold_07_validate_2023,statistical_baseline_s1_plus_weather,z_swvl2_mean_m3_m3_previous_4w_mean,-0.0284093324708571,0.0274888911465056
fold_07_validate_2023,statistical_baseline_s1_plus_static_geography_weather,intercept,-8.90101331904495,0.00571360558058391
fold_07_validate_2023,statistical_baseline_s1_plus_static_geography_weather,seasonal_sin_annual,0.493552151954854,0.0149115271941302
fold_07_validate_2023,statistical_baseline_s1_plus_static_geography_weather,seasonal_cos_annual,-1.2050584982631,0.0183209022820792
fold_07_validate_2023,statistical_baseline_s1_plus_static_geography_weather,municipality_area_km2,-0.000259500670371992,2.73276149504683e-05
fold_07_validate_2023,statistical_baseline_s1_plus_static_geography_weather,z_t2m_mean_c_lag_1w,-0.612611007133933,0.0463753785400493
fold_07_validate_2023,statistical_baseline_s1_plus_static_geography_weather,z_t2m_mean_c_lag_2w,-0.276780746801428,0.051329794889104
fold_07_validate_2023,statistical_baseline_s1_plus_static_geography_weather,z_t2m_mean_c_previous_4w_mean,0.178006978682513,0.0789262588972874
fold_07_validate_2023,statistical_baseline_s1_plus_static_geography_weather,z_d2m_mean_c_lag_1w,0.364409094838622,0.0273632461027716
fold_07_validate_2023,statistical_baseline_s1_plus_static_geography_weather,z_d2m_mean_c_lag_2w,0.256257359742874,0.0297267290809899
fold_07_validate_2023,statistical_baseline_s1_plus_static_geography_weather,z_d2m_mean_c_previous_4w_mean,-0.598875018610351,0.0476696023102158
fold_07_validate_2023,statistical_baseline_s1_plus_static_geography_weather,z_tp_sum_mm_lag_1w,-0.00720434403553202,0.00503403035930483
fold_07_validate_2023,statistical_baseline_s1_plus_static_geography_weather,z_tp_sum_mm_lag_2w,-0.0137932425351817,0.00491888220671474
fold_07_validate_2023,statistical_baseline_s1_plus_static_geography_weather,z_tp_sum_mm_previous_4w_sum,0.0763718987528884,0.00654974794841359
fold_07_validate_2023,statistical_baseline_s1_plus_static_geography_weather,z_stl1_mean_c_lag_1w,-1.0486304037198,0.164002078201508
fold_07_validate_2023,statistical_baseline_s1_plus_static_geography_weather,z_stl1_mean_c_lag_2w,-1.48746535685168,0.156076728568526
fold_07_validate_2023,statistical_baseline_s1_plus_static_geography_weather,z_stl1_mean_c_previous_4w_mean,0.567581585137429,0.25107282478271
fold_07_validate_2023,statistical_baseline_s1_plus_static_geography_weather,z_stl2_mean_c_lag_1w,1.63230858529285,0.164081111465004
fold_07_validate_2023,statistical_baseline_s1_plus_static_geography_weather,z_stl2_mean_c_lag_2w,1.55618959869299,0.139227275877796
fold_07_validate_2023,statistical_baseline_s1_plus_static_geography_weather,z_stl2_mean_c_previous_4w_mean,-0.440449260074737,0.214480858709119
fold_07_validate_2023,statistical_baseline_s1_plus_static_geography_weather,z_swvl1_mean_m3_m3_lag_1w,-0.0058584247162285,0.0170093852305398
fold_07_validate_2023,statistical_baseline_s1_plus_static_geography_weather,z_swvl1_mean_m3_m3_lag_2w,0.0267235964216749,0.0183198308369858
fold_07_validate_2023,statistical_baseline_s1_plus_static_geography_weather,z_swvl1_mean_m3_m3_previous_4w_mean,0.258603654674996,0.029406845869473
fold_07_validate_2023,statistical_baseline_s1_plus_static_geography_weather,z_swvl2_mean_m3_m3_lag_1w,-0.0580455587979314,0.017677462182429
fold_07_validate_2023,statistical_baseline_s1_plus_static_geography_weather,z_swvl2_mean_m3_m3_lag_2w,-0.0543663120255067,0.0177477325156962
fold_07_validate_2023,statistical_baseline_s1_plus_static_geography_weather,z_swvl2_mean_m3_m3_previous_4w_mean,-0.0253964216367462,0.0274662287943747
fold_08_validate_2024,statistical_baseline_s1,intercept,-9.00724930970598,0.00367320534034241
fold_08_validate_2024,statistical_baseline_s1,seasonal_sin_annual,0.315958599203069,0.00408104760378242
fold_08_validate_2024,statistical_baseline_s1,seasonal_cos_annual,-1.17864595597386,0.00479061883689279
fold_08_validate_2024,statistical_baseline_s1_plus_static_geography,intercept,-8.97183793909339,0.00542027079972988
fold_08_validate_2024,statistical_baseline_s1_plus_static_geography,seasonal_sin_annual,0.315957848295313,0.00408104726579515
fold_08_validate_2024,statistical_baseline_s1_plus_static_geography,seasonal_cos_annual,-1.17864647941856,0.0047906196601064
fold_08_validate_2024,statistical_baseline_s1_plus_static_geography,municipality_area_km2,-0.000224697083402469,2.54845259943585e-05
fold_08_validate_2024,statistical_baseline_s1_plus_weather,intercept,-9.00817321202921,0.00374075470821742
fold_08_validate_2024,statistical_baseline_s1_plus_weather,seasonal_sin_annual,0.310784938132331,0.0145139124787683
fold_08_validate_2024,statistical_baseline_s1_plus_weather,seasonal_cos_annual,-1.27054929123063,0.0177365815053219
fold_08_validate_2024,statistical_baseline_s1_plus_weather,z_t2m_mean_c_lag_1w,-0.615107057770907,0.0454423353143824
fold_08_validate_2024,statistical_baseline_s1_plus_weather,z_t2m_mean_c_lag_2w,-0.299638099146162,0.0502925313882498
fold_08_validate_2024,statistical_baseline_s1_plus_weather,z_t2m_mean_c_previous_4w_mean,0.385622858287009,0.076670842026135
fold_08_validate_2024,statistical_baseline_s1_plus_weather,z_d2m_mean_c_lag_1w,0.323370112809425,0.0264109866909196
fold_08_validate_2024,statistical_baseline_s1_plus_weather,z_d2m_mean_c_lag_2w,0.263611761565701,0.0286686620700842
fold_08_validate_2024,statistical_baseline_s1_plus_weather,z_d2m_mean_c_previous_4w_mean,-0.616674180199011,0.0458131900873914
fold_08_validate_2024,statistical_baseline_s1_plus_weather,z_tp_sum_mm_lag_1w,-0.0232025982515436,0.00492680316955883
fold_08_validate_2024,statistical_baseline_s1_plus_weather,z_tp_sum_mm_lag_2w,-0.0235033354324221,0.00483450094378582
fold_08_validate_2024,statistical_baseline_s1_plus_weather,z_tp_sum_mm_previous_4w_sum,0.0630187996101612,0.006322802588162
fold_08_validate_2024,statistical_baseline_s1_plus_weather,z_stl1_mean_c_lag_1w,-0.828825808313059,0.158854021705712
fold_08_validate_2024,statistical_baseline_s1_plus_weather,z_stl1_mean_c_lag_2w,-1.20895069630265,0.151496190555005
fold_08_validate_2024,statistical_baseline_s1_plus_weather,z_stl1_mean_c_previous_4w_mean,1.16616930832817,0.241862834703038
fold_08_validate_2024,statistical_baseline_s1_plus_weather,z_stl2_mean_c_lag_1w,1.36889684244909,0.159645596739507
fold_08_validate_2024,statistical_baseline_s1_plus_weather,z_stl2_mean_c_lag_2w,1.26127765609954,0.135143651465305
fold_08_validate_2024,statistical_baseline_s1_plus_weather,z_stl2_mean_c_previous_4w_mean,-1.24555436799679,0.207192195898425
fold_08_validate_2024,statistical_baseline_s1_plus_weather,z_swvl1_mean_m3_m3_lag_1w,-0.00876869831843468,0.0164182138464471
fold_08_validate_2024,statistical_baseline_s1_plus_weather,z_swvl1_mean_m3_m3_lag_2w,-0.00154155384733116,0.017599646229081
fold_08_validate_2024,statistical_baseline_s1_plus_weather,z_swvl1_mean_m3_m3_previous_4w_mean,0.492228558608421,0.0279695342318531
fold_08_validate_2024,statistical_baseline_s1_plus_weather,z_swvl2_mean_m3_m3_lag_1w,-0.042339663101349,0.0168905679338209
fold_08_validate_2024,statistical_baseline_s1_plus_weather,z_swvl2_mean_m3_m3_lag_2w,-0.0159392582493438,0.0169832740851328
fold_08_validate_2024,statistical_baseline_s1_plus_weather,z_swvl2_mean_m3_m3_previous_4w_mean,-0.323475664848768,0.0259712378585602
fold_08_validate_2024,statistical_baseline_s1_plus_static_geography_weather,intercept,-8.97443945728432,0.00549144148745568
fold_08_validate_2024,statistical_baseline_s1_plus_static_geography_weather,seasonal_sin_annual,0.308035770356949,0.0145057600938357
fold_08_validate_2024,statistical_baseline_s1_plus_static_geography_weather,seasonal_cos_annual,-1.28217298489471,0.017789514051879
fold_08_validate_2024,statistical_baseline_s1_plus_static_geography_weather,municipality_area_km2,-0.000218654901519986,2.62478868419075e-05
fold_08_validate_2024,statistical_baseline_s1_plus_static_geography_weather,z_t2m_mean_c_lag_1w,-0.613104423637533,0.0454914456347476
fold_08_validate_2024,statistical_baseline_s1_plus_static_geography_weather,z_t2m_mean_c_lag_2w,-0.301373459287615,0.0503295886400084
fold_08_validate_2024,statistical_baseline_s1_plus_static_geography_weather,z_t2m_mean_c_previous_4w_mean,0.383570501168774,0.0767350491349091
fold_08_validate_2024,statistical_baseline_s1_plus_static_geography_weather,z_d2m_mean_c_lag_1w,0.3249054534269,0.026418840395197
fold_08_validate_2024,statistical_baseline_s1_plus_static_geography_weather,z_d2m_mean_c_lag_2w,0.264435799540456,0.0286710184914678
fold_08_validate_2024,statistical_baseline_s1_plus_static_geography_weather,z_d2m_mean_c_previous_4w_mean,-0.588399757132128,0.0459215725466463
fold_08_validate_2024,statistical_baseline_s1_plus_static_geography_weather,z_tp_sum_mm_lag_1w,-0.0233189885766011,0.00492750267512906
fold_08_validate_2024,statistical_baseline_s1_plus_static_geography_weather,z_tp_sum_mm_lag_2w,-0.0230549681860058,0.00483569484121318
fold_08_validate_2024,statistical_baseline_s1_plus_static_geography_weather,z_tp_sum_mm_previous_4w_sum,0.0659613876595485,0.00633251790606384
fold_08_validate_2024,statistical_baseline_s1_plus_static_geography_weather,z_stl1_mean_c_lag_1w,-0.849421842335428,0.158912386294096
fold_08_validate_2024,statistical_baseline_s1_plus_static_geography_weather,z_stl1_mean_c_lag_2w,-1.20320655287666,0.151506484514515
fold_08_validate_2024,statistical_baseline_s1_plus_static_geography_weather,z_stl1_mean_c_previous_4w_mean,1.12497958919216,0.241920569689792
fold_08_validate_2024,statistical_baseline_s1_plus_static_geography_weather,z_stl2_mean_c_lag_1w,1.38118585182972,0.159599241856591
fold_08_validate_2024,statistical_baseline_s1_plus_static_geography_weather,z_stl2_mean_c_lag_2w,1.25322396138921,0.135100327093169
fold_08_validate_2024,statistical_baseline_s1_plus_static_geography_weather,z_stl2_mean_c_previous_4w_mean,-1.23680146841529,0.207133282471646
fold_08_validate_2024,statistical_baseline_s1_plus_static_geography_weather,z_swvl1_mean_m3_m3_lag_1w,-0.00990077066565712,0.0164063869857731
fold_08_validate_2024,statistical_baseline_s1_plus_static_geography_weather,z_swvl1_mean_m3_m3_lag_2w,0.000677279126384221,0.0175931645773005
fold_08_validate_2024,statistical_baseline_s1_plus_static_geography_weather,z_swvl1_mean_m3_m3_previous_4w_mean,0.485031288652879,0.0279605953822125
fold_08_validate_2024,statistical_baseline_s1_plus_static_geography_weather,z_swvl2_mean_m3_m3_lag_1w,-0.0446514293181387,0.0168818997165636
fold_08_validate_2024,statistical_baseline_s1_plus_static_geography_weather,z_swvl2_mean_m3_m3_lag_2w,-0.019510794574696,0.0169802033882833
fold_08_validate_2024,statistical_baseline_s1_plus_static_geography_weather,z_swvl2_mean_m3_m3_previous_4w_mean,-0.320430504909509,0.0259560635743485
