fold_id,challenger_id,feature,feature_importance
fold_01_validate_2017,catboost_poisson_s3_weather_offset,municipality_code,11.7200510458055
fold_01_validate_2017,catboost_poisson_s3_weather_offset,seasonal_sin_annual,27.7725011187201
fold_01_validate_2017,catboost_poisson_s3_weather_offset,seasonal_cos_annual,29.2107126737869
fold_01_validate_2017,catboost_poisson_s3_weather_offset,past_4w_lyme_incidence_per_100000,11.1898527675893
fold_01_validate_2017,catboost_poisson_s3_weather_offset,z_t2m_mean_c_lag_1w,1.36607748569119
fold_01_validate_2017,catboost_poisson_s3_weather_offset,z_t2m_mean_c_lag_2w,0.820795542808632
fold_01_validate_2017,catboost_poisson_s3_weather_offset,z_t2m_mean_c_previous_4w_mean,1.2121242949688
fold_01_validate_2017,catboost_poisson_s3_weather_offset,z_d2m_mean_c_lag_1w,0.571836162082086
fold_01_validate_2017,catboost_poisson_s3_weather_offset,z_d2m_mean_c_lag_2w,1.23110462415869
fold_01_validate_2017,catboost_poisson_s3_weather_offset,z_d2m_mean_c_previous_4w_mean,0.71851300556896
fold_01_validate_2017,catboost_poisson_s3_weather_offset,z_tp_sum_mm_lag_1w,0.349351692090272
fold_01_validate_2017,catboost_poisson_s3_weather_offset,z_tp_sum_mm_lag_2w,0.506732644771649
fold_01_validate_2017,catboost_poisson_s3_weather_offset,z_tp_sum_mm_previous_4w_sum,0.320246572280253
fold_01_validate_2017,catboost_poisson_s3_weather_offset,z_stl1_mean_c_lag_1w,0.976156443598684
fold_01_validate_2017,catboost_poisson_s3_weather_offset,z_stl1_mean_c_lag_2w,1.73002643479476
fold_01_validate_2017,catboost_poisson_s3_weather_offset,z_stl1_mean_c_previous_4w_mean,1.24122271443764
fold_01_validate_2017,catboost_poisson_s3_weather_offset,z_stl2_mean_c_lag_1w,1.43293228541042
fold_01_validate_2017,catboost_poisson_s3_weather_offset,z_stl2_mean_c_lag_2w,1.18165135684301
fold_01_validate_2017,catboost_poisson_s3_weather_offset,z_stl2_mean_c_previous_4w_mean,2.26426939158986
fold_01_validate_2017,catboost_poisson_s3_weather_offset,z_swvl1_mean_m3_m3_lag_1w,0.245298289582768
fold_01_validate_2017,catboost_poisson_s3_weather_offset,z_swvl1_mean_m3_m3_lag_2w,0.804218613241885
fold_01_validate_2017,catboost_poisson_s3_weather_offset,z_swvl1_mean_m3_m3_previous_4w_mean,0.660980033391025
fold_01_validate_2017,catboost_poisson_s3_weather_offset,z_swvl2_mean_m3_m3_lag_1w,0.553961686959172
fold_01_validate_2017,catboost_poisson_s3_weather_offset,z_swvl2_mean_m3_m3_lag_2w,0.337212696731254
fold_01_validate_2017,catboost_poisson_s3_weather_offset,z_swvl2_mean_m3_m3_previous_4w_mean,1.58217042309716
fold_02_validate_2018,catboost_poisson_s3_weather_offset,municipality_code,9.31704020055621
fold_02_validate_2018,catboost_poisson_s3_weather_offset,seasonal_sin_annual,11.4896372018099
fold_02_validate_2018,catboost_poisson_s3_weather_offset,seasonal_cos_annual,34.4269592071222
fold_02_validate_2018,catboost_poisson_s3_weather_offset,past_4w_lyme_incidence_per_100000,12.1400741637374
fold_02_validate_2018,catboost_poisson_s3_weather_offset,z_t2m_mean_c_lag_1w,6.24587090100963
fold_02_validate_2018,catboost_poisson_s3_weather_offset,z_t2m_mean_c_lag_2w,0.540347329546836
fold_02_validate_2018,catboost_poisson_s3_weather_offset,z_t2m_mean_c_previous_4w_mean,3.18526591508953
fold_02_validate_2018,catboost_poisson_s3_weather_offset,z_d2m_mean_c_lag_1w,1.06688024811976
fold_02_validate_2018,catboost_poisson_s3_weather_offset,z_d2m_mean_c_lag_2w,0.615545985888557
fold_02_validate_2018,catboost_poisson_s3_weather_offset,z_d2m_mean_c_previous_4w_mean,0.504749812539879
fold_02_validate_2018,catboost_poisson_s3_weather_offset,z_tp_sum_mm_lag_1w,0.138702957164249
fold_02_validate_2018,catboost_poisson_s3_weather_offset,z_tp_sum_mm_lag_2w,0.0861467603709965
fold_02_validate_2018,catboost_poisson_s3_weather_offset,z_tp_sum_mm_previous_4w_sum,0.647497461514146
fold_02_validate_2018,catboost_poisson_s3_weather_offset,z_stl1_mean_c_lag_1w,4.61576082430318
fold_02_validate_2018,catboost_poisson_s3_weather_offset,z_stl1_mean_c_lag_2w,3.43881920903679
fold_02_validate_2018,catboost_poisson_s3_weather_offset,z_stl1_mean_c_previous_4w_mean,4.39724567679801
fold_02_validate_2018,catboost_poisson_s3_weather_offset,z_stl2_mean_c_lag_1w,1.08512656107732
fold_02_validate_2018,catboost_poisson_s3_weather_offset,z_stl2_mean_c_lag_2w,0.997023875012945
fold_02_validate_2018,catboost_poisson_s3_weather_offset,z_stl2_mean_c_previous_4w_mean,2.77835988428111
fold_02_validate_2018,catboost_poisson_s3_weather_offset,z_swvl1_mean_m3_m3_lag_1w,0.138104133555725
fold_02_validate_2018,catboost_poisson_s3_weather_offset,z_swvl1_mean_m3_m3_lag_2w,0.312197090865575
fold_02_validate_2018,catboost_poisson_s3_weather_offset,z_swvl1_mean_m3_m3_previous_4w_mean,0.649608545414862
fold_02_validate_2018,catboost_poisson_s3_weather_offset,z_swvl2_mean_m3_m3_lag_1w,0.199791773140305
fold_02_validate_2018,catboost_poisson_s3_weather_offset,z_swvl2_mean_m3_m3_lag_2w,0.121635836205408
fold_02_validate_2018,catboost_poisson_s3_weather_offset,z_swvl2_mean_m3_m3_previous_4w_mean,0.861608445839509
fold_03_validate_2019,catboost_poisson_s3_weather_offset,municipality_code,6.72806736728209
fold_03_validate_2019,catboost_poisson_s3_weather_offset,seasonal_sin_annual,11.4725236574813
fold_03_validate_2019,catboost_poisson_s3_weather_offset,seasonal_cos_annual,40.8501280230613
fold_03_validate_2019,catboost_poisson_s3_weather_offset,past_4w_lyme_incidence_per_100000,18.54226324148
fold_03_validate_2019,catboost_poisson_s3_weather_offset,z_t2m_mean_c_lag_1w,0.629464098276822
fold_03_validate_2019,catboost_poisson_s3_weather_offset,z_t2m_mean_c_lag_2w,1.30750126258637
fold_03_validate_2019,catboost_poisson_s3_weather_offset,z_t2m_mean_c_previous_4w_mean,3.42425180014776
fold_03_validate_2019,catboost_poisson_s3_weather_offset,z_d2m_mean_c_lag_1w,2.39206598459227
fold_03_validate_2019,catboost_poisson_s3_weather_offset,z_d2m_mean_c_lag_2w,0.343201637259683
fold_03_validate_2019,catboost_poisson_s3_weather_offset,z_d2m_mean_c_previous_4w_mean,0.615016145858785
fold_03_validate_2019,catboost_poisson_s3_weather_offset,z_tp_sum_mm_lag_1w,0.0596534313508096
fold_03_validate_2019,catboost_poisson_s3_weather_offset,z_tp_sum_mm_lag_2w,0.039800083248771
fold_03_validate_2019,catboost_poisson_s3_weather_offset,z_tp_sum_mm_previous_4w_sum,0.293885474885323
fold_03_validate_2019,catboost_poisson_s3_weather_offset,z_stl1_mean_c_lag_1w,1.32080784421285
fold_03_validate_2019,catboost_poisson_s3_weather_offset,z_stl1_mean_c_lag_2w,1.9634772046802
fold_03_validate_2019,catboost_poisson_s3_weather_offset,z_stl1_mean_c_previous_4w_mean,0.935163209521053
fold_03_validate_2019,catboost_poisson_s3_weather_offset,z_stl2_mean_c_lag_1w,0.472301595855999
fold_03_validate_2019,catboost_poisson_s3_weather_offset,z_stl2_mean_c_lag_2w,0.752590035176227
fold_03_validate_2019,catboost_poisson_s3_weather_offset,z_stl2_mean_c_previous_4w_mean,3.36342645756845
fold_03_validate_2019,catboost_poisson_s3_weather_offset,z_swvl1_mean_m3_m3_lag_1w,0.0715972963646084
fold_03_validate_2019,catboost_poisson_s3_weather_offset,z_swvl1_mean_m3_m3_lag_2w,0.0757333950553813
fold_03_validate_2019,catboost_poisson_s3_weather_offset,z_swvl1_mean_m3_m3_previous_4w_mean,1.38527362517463
fold_03_validate_2019,catboost_poisson_s3_weather_offset,z_swvl2_mean_m3_m3_lag_1w,0.0708754753472216
fold_03_validate_2019,catboost_poisson_s3_weather_offset,z_swvl2_mean_m3_m3_lag_2w,0.122168050827674
fold_03_validate_2019,catboost_poisson_s3_weather_offset,z_swvl2_mean_m3_m3_previous_4w_mean,2.76876360270447
fold_04_validate_2020,catboost_poisson_s3_weather_offset,municipality_code,6.70284003259075
fold_04_validate_2020,catboost_poisson_s3_weather_offset,seasonal_sin_annual,9.01747927021569
fold_04_validate_2020,catboost_poisson_s3_weather_offset,seasonal_cos_annual,41.5136023888373
fold_04_validate_2020,catboost_poisson_s3_weather_offset,past_4w_lyme_incidence_per_100000,20.4526192863491
fold_04_validate_2020,catboost_poisson_s3_weather_offset,z_t2m_mean_c_lag_1w,1.47796202132172
fold_04_validate_2020,catboost_poisson_s3_weather_offset,z_t2m_mean_c_lag_2w,0.994481586095789
fold_04_validate_2020,catboost_poisson_s3_weather_offset,z_t2m_mean_c_previous_4w_mean,2.80183128834708
fold_04_validate_2020,catboost_poisson_s3_weather_offset,z_d2m_mean_c_lag_1w,0.789248602468944
fold_04_validate_2020,catboost_poisson_s3_weather_offset,z_d2m_mean_c_lag_2w,0.394182579664982
fold_04_validate_2020,catboost_poisson_s3_weather_offset,z_d2m_mean_c_previous_4w_mean,0.283003320473183
fold_04_validate_2020,catboost_poisson_s3_weather_offset,z_tp_sum_mm_lag_1w,0.00787990200385773
fold_04_validate_2020,catboost_poisson_s3_weather_offset,z_tp_sum_mm_lag_2w,0.0471790922764087
fold_04_validate_2020,catboost_poisson_s3_weather_offset,z_tp_sum_mm_previous_4w_sum,0.528955086517545
fold_04_validate_2020,catboost_poisson_s3_weather_offset,z_stl1_mean_c_lag_1w,3.94261379586219
fold_04_validate_2020,catboost_poisson_s3_weather_offset,z_stl1_mean_c_lag_2w,0.207872745794593
fold_04_validate_2020,catboost_poisson_s3_weather_offset,z_stl1_mean_c_previous_4w_mean,2.47859383374716
fold_04_validate_2020,catboost_poisson_s3_weather_offset,z_stl2_mean_c_lag_1w,0.913720459775659
fold_04_validate_2020,catboost_poisson_s3_weather_offset,z_stl2_mean_c_lag_2w,1.11373006075212
fold_04_validate_2020,catboost_poisson_s3_weather_offset,z_stl2_mean_c_previous_4w_mean,4.51914266320907
fold_04_validate_2020,catboost_poisson_s3_weather_offset,z_swvl1_mean_m3_m3_lag_1w,0.0409512011472695
fold_04_validate_2020,catboost_poisson_s3_weather_offset,z_swvl1_mean_m3_m3_lag_2w,0.0782222868734011
fold_04_validate_2020,catboost_poisson_s3_weather_offset,z_swvl1_mean_m3_m3_previous_4w_mean,0.894517109173109
fold_04_validate_2020,catboost_poisson_s3_weather_offset,z_swvl2_mean_m3_m3_lag_1w,0.137871512613607
fold_04_validate_2020,catboost_poisson_s3_weather_offset,z_swvl2_mean_m3_m3_lag_2w,0.101325008686299
fold_04_validate_2020,catboost_poisson_s3_weather_offset,z_swvl2_mean_m3_m3_previous_4w_mean,0.560174865203195
fold_05_validate_2021,catboost_poisson_s3_weather_offset,municipality_code,4.83963525802388
fold_05_validate_2021,catboost_poisson_s3_weather_offset,seasonal_sin_annual,8.66634320183888
fold_05_validate_2021,catboost_poisson_s3_weather_offset,seasonal_cos_annual,46.2442214279893
fold_05_validate_2021,catboost_poisson_s3_weather_offset,past_4w_lyme_incidence_per_100000,24.125163860797
fold_05_validate_2021,catboost_poisson_s3_weather_offset,z_t2m_mean_c_lag_1w,0.985232966782988
fold_05_validate_2021,catboost_poisson_s3_weather_offset,z_t2m_mean_c_lag_2w,0.110810481891196
fold_05_validate_2021,catboost_poisson_s3_weather_offset,z_t2m_mean_c_previous_4w_mean,3.07067502318599
fold_05_validate_2021,catboost_poisson_s3_weather_offset,z_d2m_mean_c_lag_1w,0.22290488700942
fold_05_validate_2021,catboost_poisson_s3_weather_offset,z_d2m_mean_c_lag_2w,0.117617651869888
fold_05_validate_2021,catboost_poisson_s3_weather_offset,z_d2m_mean_c_previous_4w_mean,0.526136731324906
fold_05_validate_2021,catboost_poisson_s3_weather_offset,z_tp_sum_mm_lag_1w,0.0465475028685119
fold_05_validate_2021,catboost_poisson_s3_weather_offset,z_tp_sum_mm_lag_2w,0.0115740925917694
fold_05_validate_2021,catboost_poisson_s3_weather_offset,z_tp_sum_mm_previous_4w_sum,0.814920989725214
fold_05_validate_2021,catboost_poisson_s3_weather_offset,z_stl1_mean_c_lag_1w,0.424697119011811
fold_05_validate_2021,catboost_poisson_s3_weather_offset,z_stl1_mean_c_lag_2w,0.679848477336822
fold_05_validate_2021,catboost_poisson_s3_weather_offset,z_stl1_mean_c_previous_4w_mean,2.21057353508321
fold_05_validate_2021,catboost_poisson_s3_weather_offset,z_stl2_mean_c_lag_1w,0.287117982860596
fold_05_validate_2021,catboost_poisson_s3_weather_offset,z_stl2_mean_c_lag_2w,0.681567505810564
fold_05_validate_2021,catboost_poisson_s3_weather_offset,z_stl2_mean_c_previous_4w_mean,5.10068123426066
fold_05_validate_2021,catboost_poisson_s3_weather_offset,z_swvl1_mean_m3_m3_lag_1w,0.13691579447901
fold_05_validate_2021,catboost_poisson_s3_weather_offset,z_swvl1_mean_m3_m3_lag_2w,0.0337305591533854
fold_05_validate_2021,catboost_poisson_s3_weather_offset,z_swvl1_mean_m3_m3_previous_4w_mean,0.321787878742313
fold_05_validate_2021,catboost_poisson_s3_weather_offset,z_swvl2_mean_m3_m3_lag_1w,0.0503046064034107
fold_05_validate_2021,catboost_poisson_s3_weather_offset,z_swvl2_mean_m3_m3_lag_2w,0.0721909677201965
fold_05_validate_2021,catboost_poisson_s3_weather_offset,z_swvl2_mean_m3_m3_previous_4w_mean,0.218800263239023
fold_06_validate_2022,catboost_poisson_s3_weather_offset,municipality_code,5.6645259349437
fold_06_validate_2022,catboost_poisson_s3_weather_offset,seasonal_sin_annual,11.4070817121736
fold_06_validate_2022,catboost_poisson_s3_weather_offset,seasonal_cos_annual,42.9382703951818
fold_06_validate_2022,catboost_poisson_s3_weather_offset,past_4w_lyme_incidence_per_100000,23.4343393807309
fold_06_validate_2022,catboost_poisson_s3_weather_offset,z_t2m_mean_c_lag_1w,0.606498802096161
fold_06_validate_2022,catboost_poisson_s3_weather_offset,z_t2m_mean_c_lag_2w,0.622309592574327
fold_06_validate_2022,catboost_poisson_s3_weather_offset,z_t2m_mean_c_previous_4w_mean,2.84045347380258
fold_06_validate_2022,catboost_poisson_s3_weather_offset,z_d2m_mean_c_lag_1w,0.1784908850935
fold_06_validate_2022,catboost_poisson_s3_weather_offset,z_d2m_mean_c_lag_2w,0.108519079633234
fold_06_validate_2022,catboost_poisson_s3_weather_offset,z_d2m_mean_c_previous_4w_mean,0.344363627468389
fold_06_validate_2022,catboost_poisson_s3_weather_offset,z_tp_sum_mm_lag_1w,0.214138807112889
fold_06_validate_2022,catboost_poisson_s3_weather_offset,z_tp_sum_mm_lag_2w,0.0225183103415005
fold_06_validate_2022,catboost_poisson_s3_weather_offset,z_tp_sum_mm_previous_4w_sum,0.410811577624815
fold_06_validate_2022,catboost_poisson_s3_weather_offset,z_stl1_mean_c_lag_1w,1.98652038143912
fold_06_validate_2022,catboost_poisson_s3_weather_offset,z_stl1_mean_c_lag_2w,0.335986911653034
fold_06_validate_2022,catboost_poisson_s3_weather_offset,z_stl1_mean_c_previous_4w_mean,1.50330735801271
fold_06_validate_2022,catboost_poisson_s3_weather_offset,z_stl2_mean_c_lag_1w,1.40832868188563
fold_06_validate_2022,catboost_poisson_s3_weather_offset,z_stl2_mean_c_lag_2w,0.163221331218554
fold_06_validate_2022,catboost_poisson_s3_weather_offset,z_stl2_mean_c_previous_4w_mean,4.64752101255951
fold_06_validate_2022,catboost_poisson_s3_weather_offset,z_swvl1_mean_m3_m3_lag_1w,0.168298189866038
fold_06_validate_2022,catboost_poisson_s3_weather_offset,z_swvl1_mean_m3_m3_lag_2w,0.00605503199983028
fold_06_validate_2022,catboost_poisson_s3_weather_offset,z_swvl1_mean_m3_m3_previous_4w_mean,0.412986593183691
fold_06_validate_2022,catboost_poisson_s3_weather_offset,z_swvl2_mean_m3_m3_lag_1w,0.215467119272339
fold_06_validate_2022,catboost_poisson_s3_weather_offset,z_swvl2_mean_m3_m3_lag_2w,0.0539978434838988
fold_06_validate_2022,catboost_poisson_s3_weather_offset,z_swvl2_mean_m3_m3_previous_4w_mean,0.305987966648296
fold_07_validate_2023,catboost_poisson_s3_weather_offset,municipality_code,5.35508675518752
fold_07_validate_2023,catboost_poisson_s3_weather_offset,seasonal_sin_annual,10.1158594855949
fold_07_validate_2023,catboost_poisson_s3_weather_offset,seasonal_cos_annual,42.3913695520057
fold_07_validate_2023,catboost_poisson_s3_weather_offset,past_4w_lyme_incidence_per_100000,27.1778334052192
fold_07_validate_2023,catboost_poisson_s3_weather_offset,z_t2m_mean_c_lag_1w,1.83392046756162
fold_07_validate_2023,catboost_poisson_s3_weather_offset,z_t2m_mean_c_lag_2w,0.507015758622861
fold_07_validate_2023,catboost_poisson_s3_weather_offset,z_t2m_mean_c_previous_4w_mean,1.84191815380158
fold_07_validate_2023,catboost_poisson_s3_weather_offset,z_d2m_mean_c_lag_1w,0.122461149162647
fold_07_validate_2023,catboost_poisson_s3_weather_offset,z_d2m_mean_c_lag_2w,0.104007802163434
fold_07_validate_2023,catboost_poisson_s3_weather_offset,z_d2m_mean_c_previous_4w_mean,0.190968669463665
fold_07_validate_2023,catboost_poisson_s3_weather_offset,z_tp_sum_mm_lag_1w,0.0795766708535391
fold_07_validate_2023,catboost_poisson_s3_weather_offset,z_tp_sum_mm_lag_2w,0.00862770191720117
fold_07_validate_2023,catboost_poisson_s3_weather_offset,z_tp_sum_mm_previous_4w_sum,0.579971324315018
fold_07_validate_2023,catboost_poisson_s3_weather_offset,z_stl1_mean_c_lag_1w,2.38544771667868
fold_07_validate_2023,catboost_poisson_s3_weather_offset,z_stl1_mean_c_lag_2w,0.176978747484239
fold_07_validate_2023,catboost_poisson_s3_weather_offset,z_stl1_mean_c_previous_4w_mean,0.7441083930313
fold_07_validate_2023,catboost_poisson_s3_weather_offset,z_stl2_mean_c_lag_1w,0.28974216998366
fold_07_validate_2023,catboost_poisson_s3_weather_offset,z_stl2_mean_c_lag_2w,1.16263562513746
fold_07_validate_2023,catboost_poisson_s3_weather_offset,z_stl2_mean_c_previous_4w_mean,3.94869520409473
fold_07_validate_2023,catboost_poisson_s3_weather_offset,z_swvl1_mean_m3_m3_lag_1w,0.0779855603143622
fold_07_validate_2023,catboost_poisson_s3_weather_offset,z_swvl1_mean_m3_m3_lag_2w,0.0595755121938017
fold_07_validate_2023,catboost_poisson_s3_weather_offset,z_swvl1_mean_m3_m3_previous_4w_mean,0.459739621488991
fold_07_validate_2023,catboost_poisson_s3_weather_offset,z_swvl2_mean_m3_m3_lag_1w,0.0704861061687987
fold_07_validate_2023,catboost_poisson_s3_weather_offset,z_swvl2_mean_m3_m3_lag_2w,0.0231093074984686
fold_07_validate_2023,catboost_poisson_s3_weather_offset,z_swvl2_mean_m3_m3_previous_4w_mean,0.292879140056569
fold_08_validate_2024,catboost_poisson_s3_weather_offset,municipality_code,5.31290132215434
fold_08_validate_2024,catboost_poisson_s3_weather_offset,seasonal_sin_annual,8.79578416801739
fold_08_validate_2024,catboost_poisson_s3_weather_offset,seasonal_cos_annual,43.6560962369596
fold_08_validate_2024,catboost_poisson_s3_weather_offset,past_4w_lyme_incidence_per_100000,27.7647836456297
fold_08_validate_2024,catboost_poisson_s3_weather_offset,z_t2m_mean_c_lag_1w,0.504669185880938
fold_08_validate_2024,catboost_poisson_s3_weather_offset,z_t2m_mean_c_lag_2w,0.273488431423988
fold_08_validate_2024,catboost_poisson_s3_weather_offset,z_t2m_mean_c_previous_4w_mean,1.01366988199668
fold_08_validate_2024,catboost_poisson_s3_weather_offset,z_d2m_mean_c_lag_1w,0.0776667536417457
fold_08_validate_2024,catboost_poisson_s3_weather_offset,z_d2m_mean_c_lag_2w,0.141891093906716
fold_08_validate_2024,catboost_poisson_s3_weather_offset,z_d2m_mean_c_previous_4w_mean,0.281824842691653
fold_08_validate_2024,catboost_poisson_s3_weather_offset,z_tp_sum_mm_lag_1w,0.104217783144233
fold_08_validate_2024,catboost_poisson_s3_weather_offset,z_tp_sum_mm_lag_2w,0.0491095934818716
fold_08_validate_2024,catboost_poisson_s3_weather_offset,z_tp_sum_mm_previous_4w_sum,0.225339567262531
fold_08_validate_2024,catboost_poisson_s3_weather_offset,z_stl1_mean_c_lag_1w,0.406281777815803
fold_08_validate_2024,catboost_poisson_s3_weather_offset,z_stl1_mean_c_lag_2w,0.266059884424025
fold_08_validate_2024,catboost_poisson_s3_weather_offset,z_stl1_mean_c_previous_4w_mean,2.42949454877544
fold_08_validate_2024,catboost_poisson_s3_weather_offset,z_stl2_mean_c_lag_1w,0.753439723326459
fold_08_validate_2024,catboost_poisson_s3_weather_offset,z_stl2_mean_c_lag_2w,0.886920903873685
fold_08_validate_2024,catboost_poisson_s3_weather_offset,z_stl2_mean_c_previous_4w_mean,6.149616599059
fold_08_validate_2024,catboost_poisson_s3_weather_offset,z_swvl1_mean_m3_m3_lag_1w,0.176456401469426
fold_08_validate_2024,catboost_poisson_s3_weather_offset,z_swvl1_mean_m3_m3_lag_2w,0.0103780125732525
fold_08_validate_2024,catboost_poisson_s3_weather_offset,z_swvl1_mean_m3_m3_previous_4w_mean,0.479035559752939
fold_08_validate_2024,catboost_poisson_s3_weather_offset,z_swvl2_mean_m3_m3_lag_1w,0.00263777204068378
fold_08_validate_2024,catboost_poisson_s3_weather_offset,z_swvl2_mean_m3_m3_lag_2w,0
fold_08_validate_2024,catboost_poisson_s3_weather_offset,z_swvl2_mean_m3_m3_previous_4w_mean,0.238236310697864
