fold_id,validation_iso_year,candidate_id,feature,coefficient,standard_error
kme_2018,2018,glm_seasonal_region_offset,intercept,-1.0780610297360886,0.1380349276346652
kme_2018,2018,glm_seasonal_region_offset,seasonal_sin_annual,0.6551713690736507,0.045383226656069434
kme_2018,2018,glm_seasonal_region_offset,seasonal_cos_annual,-1.2862342097707171,0.05899595105897378
kme_2018,2018,glm_seasonal_region_offset,region[02],0.1065676194305345,0.1523997306551798
kme_2018,2018,glm_seasonal_region_offset,region[03],1.7518831963082253,0.15006326681801083
kme_2018,2018,glm_seasonal_region_offset,region[04],-0.39373909692971343,0.171606008052799
kme_2018,2018,glm_seasonal_region_offset,region[05],-23.024496082305966,11415.672588944994
kme_2018,2018,glm_seasonal_region_offset,region[06],-0.47745814053193286,0.24702655919210495
kme_2018,2018,glm_seasonal_region_offset,region[07],-0.2204215910495701,0.18815154252064895
kme_2018,2018,glm_seasonal_region_offset,region[08],0.39558769968743224,0.14180255018379415
kme_2018,2018,glm_seasonal_region_offset,region[09],0.8166231296239957,0.1482182130588485
kme_2018,2018,glm_seasonal_region_offset,region[10],1.2738519368882413,0.16856282245711104
kme_2018,2018,glm_seasonal_region_offset,region[11],-0.08795479512471097,0.19081872118039025
kme_2018,2018,glm_seasonal_region_offset,region[12],-1.6155227721240524,0.32932195675223863
kme_2018,2018,glm_past_kme_offset,intercept,-1.0971671014559086,0.1380231809964954
kme_2018,2018,glm_past_kme_offset,seasonal_sin_annual,0.5444528440048743,0.05230461447265282
kme_2018,2018,glm_past_kme_offset,seasonal_cos_annual,-1.3607818627552186,0.06187891078881493
kme_2018,2018,glm_past_kme_offset,region[02],0.09307805892848026,0.15242339806163885
kme_2018,2018,glm_past_kme_offset,region[03],1.8967513103487383,0.153414795916668
kme_2018,2018,glm_past_kme_offset,region[04],-0.4422368108125598,0.1719981471703142
kme_2018,2018,glm_past_kme_offset,region[05],-23.09639175265616,11381.80115832703
kme_2018,2018,glm_past_kme_offset,region[06],-0.5263449628007518,0.24729706511077315
kme_2018,2018,glm_past_kme_offset,region[07],-0.26512598987217856,0.18845019182289266
kme_2018,2018,glm_past_kme_offset,region[08],0.3987337067736923,0.14182015614965293
kme_2018,2018,glm_past_kme_offset,region[09],0.8528413927215438,0.14855709879174284
kme_2018,2018,glm_past_kme_offset,region[10],1.3773519520933992,0.17038657671502097
kme_2018,2018,glm_past_kme_offset,region[11],-0.14789945697860635,0.19136500299593104
kme_2018,2018,glm_past_kme_offset,region[12],-1.6784003715121592,0.3296776985666216
kme_2018,2018,glm_past_kme_offset,z_past_8w_kme_incidence_per_100000,-0.1386591450836937,0.03504163796887715
kme_2018,2018,glm_weather_only_offset,intercept,-0.43253285553870285,0.0358801631430654
kme_2018,2018,glm_weather_only_offset,z_t2m_mean_c_previous_4w_mean,6.307903026405175,0.4519706148563694
kme_2018,2018,glm_weather_only_offset,z_tp_sum_mm_previous_4w_sum,0.24517097710839117,0.0379412445945252
kme_2018,2018,glm_weather_only_offset,z_stl1_mean_c_previous_4w_mean,-5.6816915339715255,0.43744553191286256
kme_2018,2018,glm_weather_only_offset,z_swvl1_mean_m3_m3_previous_4w_mean,0.3270179061303039,0.04579357293759026
kme_2018,2018,glm_seasonal_region_weather_offset,intercept,-0.9202811747387635,0.14399817485013358
kme_2018,2018,glm_seasonal_region_weather_offset,seasonal_sin_annual,0.7124921334927308,0.23185744641598474
kme_2018,2018,glm_seasonal_region_weather_offset,seasonal_cos_annual,-1.0670281834275843,0.31851098780680287
kme_2018,2018,glm_seasonal_region_weather_offset,region[02],0.03464168662475586,0.15613522740420788
kme_2018,2018,glm_seasonal_region_weather_offset,region[03],1.5862721652913294,0.17114340587645469
kme_2018,2018,glm_seasonal_region_weather_offset,region[04],-0.4849651409710372,0.18095269124766883
kme_2018,2018,glm_seasonal_region_weather_offset,region[05],-23.10101945639919,11412.28892899272
kme_2018,2018,glm_seasonal_region_weather_offset,region[06],-0.5333981597489258,0.24896672970457176
kme_2018,2018,glm_seasonal_region_weather_offset,region[07],-0.3680176096506942,0.19886470631420844
kme_2018,2018,glm_seasonal_region_weather_offset,region[08],0.24312756563823817,0.16023261710214867
kme_2018,2018,glm_seasonal_region_weather_offset,region[09],0.6293129342194209,0.18716739882549946
kme_2018,2018,glm_seasonal_region_weather_offset,region[10],1.0775339701572986,0.18882140352137552
kme_2018,2018,glm_seasonal_region_weather_offset,region[11],-0.3637586480655982,0.21308260582572228
kme_2018,2018,glm_seasonal_region_weather_offset,region[12],-1.7621421452227293,0.3314262983522949
kme_2018,2018,glm_seasonal_region_weather_offset,z_t2m_mean_c_previous_4w_mean,1.5664210059493184,0.6169493427745825
kme_2018,2018,glm_seasonal_region_weather_offset,z_tp_sum_mm_previous_4w_sum,0.1970988128154576,0.052445530562250764
kme_2018,2018,glm_seasonal_region_weather_offset,z_stl1_mean_c_previous_4w_mean,-1.4215582167491565,0.7990710435407438
kme_2018,2018,glm_seasonal_region_weather_offset,z_swvl1_mean_m3_m3_previous_4w_mean,0.021393906811493953,0.06013495847969188
kme_2018,2018,glm_compact_weather_offset,intercept,-0.927051524640159,0.14357172320977718
kme_2018,2018,glm_compact_weather_offset,seasonal_sin_annual,0.7378998168011902,0.23284957076176002
kme_2018,2018,glm_compact_weather_offset,seasonal_cos_annual,-0.931183200320964,0.32144709084934925
kme_2018,2018,glm_compact_weather_offset,region[02],0.031172900009312318,0.15636344089680912
kme_2018,2018,glm_compact_weather_offset,region[03],1.787676306390098,0.17799035528400656
kme_2018,2018,glm_compact_weather_offset,region[04],-0.5117350452284171,0.18145160602726326
kme_2018,2018,glm_compact_weather_offset,region[05],-23.144081460418757,11378.58673273679
kme_2018,2018,glm_compact_weather_offset,region[06],-0.5755706820290819,0.24939856313043932
kme_2018,2018,glm_compact_weather_offset,region[07],-0.3883338700815334,0.19974727650537938
kme_2018,2018,glm_compact_weather_offset,region[08],0.28223019650578923,0.1615457499034861
kme_2018,2018,glm_compact_weather_offset,region[09],0.7450955381276031,0.19056960531858438
kme_2018,2018,glm_compact_weather_offset,region[10],1.2413480181193386,0.19336422771834622
kme_2018,2018,glm_compact_weather_offset,region[11],-0.3642872673021421,0.21364174484734538
kme_2018,2018,glm_compact_weather_offset,region[12],-1.812943303024502,0.331474686437557
kme_2018,2018,glm_compact_weather_offset,z_past_8w_kme_incidence_per_100000,-0.14804860121998573,0.03642504514526881
kme_2018,2018,glm_compact_weather_offset,z_t2m_mean_c_previous_4w_mean,1.6227763509117983,0.6226226912929208
kme_2018,2018,glm_compact_weather_offset,z_tp_sum_mm_previous_4w_sum,0.17280682007936726,0.052657190783064814
kme_2018,2018,glm_compact_weather_offset,z_stl1_mean_c_previous_4w_mean,-1.2595626858681621,0.8043594100027756
kme_2018,2018,glm_compact_weather_offset,z_swvl1_mean_m3_m3_previous_4w_mean,0.07002978610438267,0.06118419639769917
kme_2019,2019,glm_seasonal_region_offset,intercept,-1.0643078505461425,0.10524586710646795
kme_2019,2019,glm_seasonal_region_offset,seasonal_sin_annual,0.6831350270170001,0.033379792988351274
kme_2019,2019,glm_seasonal_region_offset,seasonal_cos_annual,-1.3851018347774857,0.0419111011204976
kme_2019,2019,glm_seasonal_region_offset,region[02],0.14252661444139228,0.11629579740941326
kme_2019,2019,glm_seasonal_region_offset,region[03],1.5546090262621266,0.11776246101708367
kme_2019,2019,glm_seasonal_region_offset,region[04],-0.11794625280566762,0.12490109668280515
kme_2019,2019,glm_seasonal_region_offset,region[05],-1.7922651997179644,0.36784282165828597
kme_2019,2019,glm_seasonal_region_offset,region[06],-1.0111675988907909,0.23192140784894802
kme_2019,2019,glm_seasonal_region_offset,region[07],0.07137698947240254,0.13461715581960373
kme_2019,2019,glm_seasonal_region_offset,region[08],0.5220064260071403,0.10784378985387591
kme_2019,2019,glm_seasonal_region_offset,region[09],1.1552786557304777,0.11026199420764851
kme_2019,2019,glm_seasonal_region_offset,region[10],1.2078364249372422,0.13081284202340593
kme_2019,2019,glm_seasonal_region_offset,region[11],-0.027081061858288156,0.14396508294749905
kme_2019,2019,glm_seasonal_region_offset,region[12],-1.6051056335773484,0.25088016612193337
kme_2019,2019,glm_past_kme_offset,intercept,-1.0802207046529788,0.1052042236541642
kme_2019,2019,glm_past_kme_offset,seasonal_sin_annual,0.5790846217883784,0.03839301208507276
kme_2019,2019,glm_past_kme_offset,seasonal_cos_annual,-1.4659070083862296,0.04486588274014604
kme_2019,2019,glm_past_kme_offset,region[02],0.12924050843244114,0.11631660721176443
kme_2019,2019,glm_past_kme_offset,region[03],1.6682031256846768,0.11953979646668425
kme_2019,2019,glm_past_kme_offset,region[04],-0.15635123511331978,0.1251153384033827
kme_2019,2019,glm_past_kme_offset,region[05],-1.859922277347952,0.36807606308086505
kme_2019,2019,glm_past_kme_offset,region[06],-1.0713687163339312,0.23220924832295467
kme_2019,2019,glm_past_kme_offset,region[07],0.04449530795718392,0.13471362982951926
kme_2019,2019,glm_past_kme_offset,region[08],0.5351733991025669,0.10789449858792394
kme_2019,2019,glm_past_kme_offset,region[09],1.2259198851560982,0.11106874555595052
kme_2019,2019,glm_past_kme_offset,region[10],1.2988717048333174,0.13193788398182024
kme_2019,2019,glm_past_kme_offset,region[11],-0.07608670957392796,0.14426839546997064
kme_2019,2019,glm_past_kme_offset,region[12],-1.6662896259847897,0.2511576444104422
kme_2019,2019,glm_past_kme_offset,z_past_8w_kme_incidence_per_100000,-0.12309254245698714,0.024437105383979696
kme_2019,2019,glm_weather_only_offset,intercept,-0.36696476436104797,0.02796235295296688
kme_2019,2019,glm_weather_only_offset,z_t2m_mean_c_previous_4w_mean,5.033094434468699,0.31424927731017555
kme_2019,2019,glm_weather_only_offset,z_tp_sum_mm_previous_4w_sum,0.15585102189111538,0.02575845708698162
kme_2019,2019,glm_weather_only_offset,z_stl1_mean_c_previous_4w_mean,-4.173825990127403,0.30051925706881594
kme_2019,2019,glm_weather_only_offset,z_swvl1_mean_m3_m3_previous_4w_mean,0.5460013062665663,0.035193334405980985
kme_2019,2019,glm_seasonal_region_weather_offset,intercept,-1.0088913568049078,0.10731290375306725
kme_2019,2019,glm_seasonal_region_weather_offset,seasonal_sin_annual,1.2874453656362275,0.08595067652038846
kme_2019,2019,glm_seasonal_region_weather_offset,seasonal_cos_annual,-0.269834984698595,0.129344789082726
kme_2019,2019,glm_seasonal_region_weather_offset,region[02],0.14771829010132875,0.1174841607164716
kme_2019,2019,glm_seasonal_region_weather_offset,region[03],1.6100122794819762,0.1260849114596229
kme_2019,2019,glm_seasonal_region_weather_offset,region[04],-0.035335333648693,0.1280495152236826
kme_2019,2019,glm_seasonal_region_weather_offset,region[05],-1.6434115272868084,0.3691124890106616
kme_2019,2019,glm_seasonal_region_weather_offset,region[06],-0.9401230399416917,0.2323815646996032
kme_2019,2019,glm_seasonal_region_weather_offset,region[07],0.13632279824908577,0.13791874755044622
kme_2019,2019,glm_seasonal_region_weather_offset,region[08],0.6335441055105034,0.11294961090948663
kme_2019,2019,glm_seasonal_region_weather_offset,region[09],1.3849145926288329,0.12391432504549592
kme_2019,2019,glm_seasonal_region_weather_offset,region[10],1.364882174483023,0.1377532849496958
kme_2019,2019,glm_seasonal_region_weather_offset,region[11],0.08320349304395613,0.1521492522926141
kme_2019,2019,glm_seasonal_region_weather_offset,region[12],-1.587173709951099,0.2522381981288212
kme_2019,2019,glm_seasonal_region_weather_offset,z_t2m_mean_c_previous_4w_mean,0.6773845554441241,0.25627956669582885
kme_2019,2019,glm_seasonal_region_weather_offset,z_tp_sum_mm_previous_4w_sum,0.057833124044134966,0.03498537580220149
kme_2019,2019,glm_seasonal_region_weather_offset,z_stl1_mean_c_previous_4w_mean,0.35402927666656386,0.28766635769753096
kme_2019,2019,glm_seasonal_region_weather_offset,z_swvl1_mean_m3_m3_previous_4w_mean,0.2498693401264968,0.03579442106068286
kme_2019,2019,glm_compact_weather_offset,intercept,-1.0544757277129357,0.10757816788342148
kme_2019,2019,glm_compact_weather_offset,seasonal_sin_annual,1.1996736549693676,0.08632195336427566
kme_2019,2019,glm_compact_weather_offset,seasonal_cos_annual,-0.30206832492602553,0.12919300508294834
kme_2019,2019,glm_compact_weather_offset,region[02],0.13910406141915102,0.1174756280337163
kme_2019,2019,glm_compact_weather_offset,region[03],1.805556338836159,0.1289644178999062
kme_2019,2019,glm_compact_weather_offset,region[04],-0.07506279309482872,0.12808460936396623
kme_2019,2019,glm_compact_weather_offset,region[05],-1.7138775401490827,0.3692596383896257
kme_2019,2019,glm_compact_weather_offset,region[06],-1.0073011576848614,0.23260104813917382
kme_2019,2019,glm_compact_weather_offset,region[07],0.13674890042722596,0.13801874735596154
kme_2019,2019,glm_compact_weather_offset,region[08],0.6876346317878437,0.11335229175261927
kme_2019,2019,glm_compact_weather_offset,region[09],1.536735311634662,0.12617688088176388
kme_2019,2019,glm_compact_weather_offset,region[10],1.5360102267211693,0.1399770520710108
kme_2019,2019,glm_compact_weather_offset,region[11],0.08290980386200622,0.15192322453684304
kme_2019,2019,glm_compact_weather_offset,region[12],-1.6215425310184324,0.25224385598172383
kme_2019,2019,glm_compact_weather_offset,z_past_8w_kme_incidence_per_100000,-0.17010993975359398,0.026118869083838033
kme_2019,2019,glm_compact_weather_offset,z_t2m_mean_c_previous_4w_mean,0.5122577708951422,0.25899717192752747
kme_2019,2019,glm_compact_weather_offset,z_tp_sum_mm_previous_4w_sum,0.001943461942379458,0.03599677591127862
kme_2019,2019,glm_compact_weather_offset,z_stl1_mean_c_previous_4w_mean,0.6238028744026992,0.29180298947533684
kme_2019,2019,glm_compact_weather_offset,z_swvl1_mean_m3_m3_previous_4w_mean,0.30592528537831465,0.03675701028361986
kme_2020,2020,glm_seasonal_region_offset,intercept,-0.9646471096097498,0.08805493355311089
kme_2020,2020,glm_seasonal_region_offset,seasonal_sin_annual,0.5717783368733564,0.027906192494908097
kme_2020,2020,glm_seasonal_region_offset,seasonal_cos_annual,-1.3208791014056358,0.03417043008588188
kme_2020,2020,glm_seasonal_region_offset,region[02],0.0031134487760829076,0.09955016924570285
kme_2020,2020,glm_seasonal_region_offset,region[03],1.4134154562938914,0.10098426021819468
kme_2020,2020,glm_seasonal_region_offset,region[04],-0.12845197738663056,0.10522763523936744
kme_2020,2020,glm_seasonal_region_offset,region[05],-1.4454648874640894,0.26419550169095257
kme_2020,2020,glm_seasonal_region_offset,region[06],-1.0598476590208927,0.19889025797773222
kme_2020,2020,glm_seasonal_region_offset,region[07],0.12305730938127829,0.11195924435675467
kme_2020,2020,glm_seasonal_region_offset,region[08],0.46572945802404386,0.09101385939743936
kme_2020,2020,glm_seasonal_region_offset,region[09],1.1220100865320102,0.0929989133322537
kme_2020,2020,glm_seasonal_region_offset,region[10],1.325683569656193,0.1075768305782997
kme_2020,2020,glm_seasonal_region_offset,region[11],-0.15042678329166476,0.12503041015997096
kme_2020,2020,glm_seasonal_region_offset,region[12],-1.9550798459269452,0.24480777870079795
kme_2020,2020,glm_past_kme_offset,intercept,-0.9788614851296831,0.08802786341311086
kme_2020,2020,glm_past_kme_offset,seasonal_sin_annual,0.4650260541498115,0.03195971831065647
kme_2020,2020,glm_past_kme_offset,seasonal_cos_annual,-1.4009904117362058,0.036427912231470155
kme_2020,2020,glm_past_kme_offset,region[02],-0.01361697523291526,0.09957461602923148
kme_2020,2020,glm_past_kme_offset,region[03],1.5300437528034112,0.10242971843625798
kme_2020,2020,glm_past_kme_offset,region[04],-0.1681200833348392,0.1053933943855598
kme_2020,2020,glm_past_kme_offset,region[05],-1.5123950808746256,0.26439334503645967
kme_2020,2020,glm_past_kme_offset,region[06],-1.1215573015796099,0.19910977565833837
kme_2020,2020,glm_past_kme_offset,region[07],0.10161664025499215,0.11200433511486416
kme_2020,2020,glm_past_kme_offset,region[08],0.4767512770947212,0.09104925635105071
kme_2020,2020,glm_past_kme_offset,region[09],1.1877955864873657,0.0935273674127133
kme_2020,2020,glm_past_kme_offset,region[10],1.441715029628533,0.10888273043590588
kme_2020,2020,glm_past_kme_offset,region[11],-0.20033490067377027,0.12525420607323418
kme_2020,2020,glm_past_kme_offset,region[12],-2.0252005482688538,0.24504392636456737
kme_2020,2020,glm_past_kme_offset,z_past_8w_kme_incidence_per_100000,-0.13063552259156785,0.020748787997796076
kme_2020,2020,glm_weather_only_offset,intercept,-0.4009018117934599,0.023663114488450678
kme_2020,2020,glm_weather_only_offset,z_t2m_mean_c_previous_4w_mean,5.055501307196743,0.26848193564477685
kme_2020,2020,glm_weather_only_offset,z_tp_sum_mm_previous_4w_sum,0.205851116431827,0.021896120075843555
kme_2020,2020,glm_weather_only_offset,z_stl1_mean_c_previous_4w_mean,-4.26061133486254,0.2593707064872575
kme_2020,2020,glm_weather_only_offset,z_swvl1_mean_m3_m3_previous_4w_mean,0.5513922779501748,0.031115595005954445
kme_2020,2020,glm_seasonal_region_weather_offset,intercept,-0.9220170452880646,0.08999831435536655
kme_2020,2020,glm_seasonal_region_weather_offset,seasonal_sin_annual,1.0239550973538314,0.07724128188126701
kme_2020,2020,glm_seasonal_region_weather_offset,seasonal_cos_annual,-0.4924086192494109,0.1106491334339472
kme_2020,2020,glm_seasonal_region_weather_offset,region[02],-0.030000938118570575,0.1005262623049225
kme_2020,2020,glm_seasonal_region_weather_offset,region[03],1.367569779354442,0.10740440277224197
kme_2020,2020,glm_seasonal_region_weather_offset,region[04],-0.1280907786208229,0.10779998321781444
kme_2020,2020,glm_seasonal_region_weather_offset,region[05],-1.3828663775722378,0.26538700820279715
kme_2020,2020,glm_seasonal_region_weather_offset,region[06],-1.0392043751284137,0.19925374541704582
kme_2020,2020,glm_seasonal_region_weather_offset,region[07],0.1305224039433016,0.11482231351353261
kme_2020,2020,glm_seasonal_region_weather_offset,region[08],0.5131490563100656,0.09509973344357887
kme_2020,2020,glm_seasonal_region_weather_offset,region[09],1.224525110862842,0.10352936657995386
kme_2020,2020,glm_seasonal_region_weather_offset,region[10],1.421836207487789,0.11326482986945163
kme_2020,2020,glm_seasonal_region_weather_offset,region[11],-0.10240670369633896,0.13131799392599078
kme_2020,2020,glm_seasonal_region_weather_offset,region[12],-1.898253450525076,0.24605178417026646
kme_2020,2020,glm_seasonal_region_weather_offset,z_t2m_mean_c_previous_4w_mean,0.4801899285553999,0.23132597944924227
kme_2020,2020,glm_seasonal_region_weather_offset,z_tp_sum_mm_previous_4w_sum,0.025180737570759934,0.03074518344140191
kme_2020,2020,glm_seasonal_region_weather_offset,z_stl1_mean_c_previous_4w_mean,0.33130956451419646,0.25760568956548563
kme_2020,2020,glm_seasonal_region_weather_offset,z_swvl1_mean_m3_m3_previous_4w_mean,0.2809359405063602,0.03245903777546796
kme_2020,2020,glm_compact_weather_offset,intercept,-0.9638029981559513,0.09025617173666853
kme_2020,2020,glm_compact_weather_offset,seasonal_sin_annual,0.9486941379977911,0.07722696249041569
kme_2020,2020,glm_compact_weather_offset,seasonal_cos_annual,-0.5219988816793751,0.11039840631718739
kme_2020,2020,glm_compact_weather_offset,region[02],-0.04227229100388577,0.1005676244142005
kme_2020,2020,glm_compact_weather_offset,region[03],1.5498196212071926,0.1096459757000156
kme_2020,2020,glm_compact_weather_offset,region[04],-0.1652350623994397,0.10788892301405542
kme_2020,2020,glm_compact_weather_offset,region[05],-1.4444047361100578,0.2655208073487192
kme_2020,2020,glm_compact_weather_offset,region[06],-1.1031111180563475,0.19943217172489278
kme_2020,2020,glm_compact_weather_offset,region[07],0.13893678910382962,0.11489698195778371
kme_2020,2020,glm_compact_weather_offset,region[08],0.561301976547228,0.09544089177255942
kme_2020,2020,glm_compact_weather_offset,region[09],1.358008754229309,0.10519082410470552
kme_2020,2020,glm_compact_weather_offset,region[10],1.600258421041309,0.11555104328500886
kme_2020,2020,glm_compact_weather_offset,region[11],-0.10218002025646675,0.13121219571620515
kme_2020,2020,glm_compact_weather_offset,region[12],-1.9372533136198018,0.24609156889853329
kme_2020,2020,glm_compact_weather_offset,z_past_8w_kme_incidence_per_100000,-0.16317847618522682,0.02181582228473691
kme_2020,2020,glm_compact_weather_offset,z_t2m_mean_c_previous_4w_mean,0.342869377230903,0.23324127372318543
kme_2020,2020,glm_compact_weather_offset,z_tp_sum_mm_previous_4w_sum,-0.021671373292563117,0.031415398700227457
kme_2020,2020,glm_compact_weather_offset,z_stl1_mean_c_previous_4w_mean,0.5668800670099121,0.26043662525602074
kme_2020,2020,glm_compact_weather_offset,z_swvl1_mean_m3_m3_previous_4w_mean,0.32377573707485274,0.03304361890217538
kme_2021,2021,glm_seasonal_region_offset,intercept,-1.0464160770406166,0.07638650100033584
kme_2021,2021,glm_seasonal_region_offset,seasonal_sin_annual,0.6797873947967414,0.024389604243065806
kme_2021,2021,glm_seasonal_region_offset,seasonal_cos_annual,-1.5289253875827469,0.0307253285518517
kme_2021,2021,glm_seasonal_region_offset,region[02],-0.09404120250579137,0.08676720421174769
kme_2021,2021,glm_seasonal_region_offset,region[03],1.5832046605256347,0.0849336428307673
kme_2021,2021,glm_seasonal_region_offset,region[04],-0.12374714763173007,0.09041840902997503
kme_2021,2021,glm_seasonal_region_offset,region[05],-1.053850132481279,0.1914560139414782
kme_2021,2021,glm_seasonal_region_offset,region[06],-1.3627645652851426,0.19407078550526002
kme_2021,2021,glm_seasonal_region_offset,region[07],0.33415662776514893,0.09236019486002874
kme_2021,2021,glm_seasonal_region_offset,region[08],0.4242837354978327,0.07848644997623375
kme_2021,2021,glm_seasonal_region_offset,region[09],1.1995237315000093,0.07954284698555174
kme_2021,2021,glm_seasonal_region_offset,region[10],1.5074267384601245,0.08964923003884422
kme_2021,2021,glm_seasonal_region_offset,region[11],0.20622965702946092,0.09856850551327904
kme_2021,2021,glm_seasonal_region_offset,region[12],-1.9096284760368731,0.2060156329815183
kme_2021,2021,glm_past_kme_offset,intercept,-1.044388237338395,0.0764353628822332
kme_2021,2021,glm_past_kme_offset,seasonal_sin_annual,0.7212557902228108,0.02831418369328317
kme_2021,2021,glm_past_kme_offset,seasonal_cos_annual,-1.5047277918553377,0.03180201829816537
kme_2021,2021,glm_past_kme_offset,region[02],-0.08689148320999615,0.08680348953410755
kme_2021,2021,glm_past_kme_offset,region[03],1.5377956418990109,0.0863931390073334
kme_2021,2021,glm_past_kme_offset,region[04],-0.11131996537814196,0.09051846966880871
kme_2021,2021,glm_past_kme_offset,region[05],-1.036430078075424,0.19154682062841955
kme_2021,2021,glm_past_kme_offset,region[06],-1.3426258295313378,0.19419016757146212
kme_2021,2021,glm_past_kme_offset,region[07],0.33781541973623913,0.09236939094124355
kme_2021,2021,glm_past_kme_offset,region[08],0.4233692555693277,0.07848701982690943
kme_2021,2021,glm_past_kme_offset,region[09],1.1750037848979638,0.07998352029928976
kme_2021,2021,glm_past_kme_offset,region[10],1.458177381779937,0.09129755115809904
kme_2021,2021,glm_past_kme_offset,region[11],0.21613988975000217,0.09862691904322808
kme_2021,2021,glm_past_kme_offset,region[12],-1.8891326933424315,0.20613164175386872
kme_2021,2021,glm_past_kme_offset,z_past_8w_kme_incidence_per_100000,0.045121250817206596,0.015092233284971045
kme_2021,2021,glm_weather_only_offset,intercept,-0.19991077107364152,0.018157444161437792
kme_2021,2021,glm_weather_only_offset,z_t2m_mean_c_previous_4w_mean,5.130924620102899,0.22827596348043244
kme_2021,2021,glm_weather_only_offset,z_tp_sum_mm_previous_4w_sum,0.2157616696105239,0.01959572106179358
kme_2021,2021,glm_weather_only_offset,z_stl1_mean_c_previous_4w_mean,-4.543680158844375,0.22263552516520033
kme_2021,2021,glm_weather_only_offset,z_swvl1_mean_m3_m3_previous_4w_mean,0.27043235777733843,0.023300034407117743
kme_2021,2021,glm_seasonal_region_weather_offset,intercept,-1.0528523915813983,0.07854116705357873
kme_2021,2021,glm_seasonal_region_weather_offset,seasonal_sin_annual,0.6176353874896767,0.06968025442731358
kme_2021,2021,glm_seasonal_region_weather_offset,seasonal_cos_annual,-1.6143509879754767,0.0927169554484448
kme_2021,2021,glm_seasonal_region_weather_offset,region[02],-0.10328089234555735,0.08764614463234903
kme_2021,2021,glm_seasonal_region_weather_offset,region[03],1.5597047894305123,0.09102460619619336
kme_2021,2021,glm_seasonal_region_weather_offset,region[04],-0.14738479164955398,0.09281297220530027
kme_2021,2021,glm_seasonal_region_weather_offset,region[05],-1.0764576703529274,0.19271764817717826
kme_2021,2021,glm_seasonal_region_weather_offset,region[06],-1.3697425468336561,0.19433483071400304
kme_2021,2021,glm_seasonal_region_weather_offset,region[07],0.33232343271037834,0.09496427621026404
kme_2021,2021,glm_seasonal_region_weather_offset,region[08],0.4145224950457549,0.0820664928091132
kme_2021,2021,glm_seasonal_region_weather_offset,region[09],1.18628767849494,0.08895493394243996
kme_2021,2021,glm_seasonal_region_weather_offset,region[10],1.5191330636382105,0.09426514248268647
kme_2021,2021,glm_seasonal_region_weather_offset,region[11],0.22835617345628662,0.10413911746529414
kme_2021,2021,glm_seasonal_region_weather_offset,region[12],-1.8576263331329836,0.20677684765115187
kme_2021,2021,glm_seasonal_region_weather_offset,z_t2m_mean_c_previous_4w_mean,0.05161897008959057,0.19805582055214535
kme_2021,2021,glm_seasonal_region_weather_offset,z_tp_sum_mm_previous_4w_sum,-0.07623626210416806,0.028370996116806557
kme_2021,2021,glm_seasonal_region_weather_offset,z_stl1_mean_c_previous_4w_mean,-0.08258648955066114,0.22544824360403545
kme_2021,2021,glm_seasonal_region_weather_offset,z_swvl1_mean_m3_m3_previous_4w_mean,0.05591929797135246,0.025320683986783207
kme_2021,2021,glm_compact_weather_offset,intercept,-1.049100981357209,0.07859168799105655
kme_2021,2021,glm_compact_weather_offset,seasonal_sin_annual,0.6564326652216178,0.071410667262431
kme_2021,2021,glm_compact_weather_offset,seasonal_cos_annual,-1.588277098593411,0.09313991247361969
kme_2021,2021,glm_compact_weather_offset,region[02],-0.096767331716689,0.08768411854329507
kme_2021,2021,glm_compact_weather_offset,region[03],1.521539173787141,0.0923596199228021
kme_2021,2021,glm_compact_weather_offset,region[04],-0.13497436638821256,0.09295211297977962
kme_2021,2021,glm_compact_weather_offset,region[05],-1.0600953311938084,0.19282473137509143
kme_2021,2021,glm_compact_weather_offset,region[06],-1.3522148253626356,0.19445492662413932
kme_2021,2021,glm_compact_weather_offset,region[07],0.33407014262754653,0.09495781697413774
kme_2021,2021,glm_compact_weather_offset,region[08],0.4129043427839333,0.08205354419303139
kme_2021,2021,glm_compact_weather_offset,region[09],1.1637296429761579,0.08939238140212209
kme_2021,2021,glm_compact_weather_offset,region[10],1.4727380083689403,0.09610404112638472
kme_2021,2021,glm_compact_weather_offset,region[11],0.23203399056137958,0.1041891959913836
kme_2021,2021,glm_compact_weather_offset,region[12],-1.8466191834276993,0.2068212862620666
kme_2021,2021,glm_compact_weather_offset,z_past_8w_kme_incidence_per_100000,0.03917078118914878,0.015312570405471286
kme_2021,2021,glm_compact_weather_offset,z_t2m_mean_c_previous_4w_mean,0.05840417539608922,0.19737861968427262
kme_2021,2021,glm_compact_weather_offset,z_tp_sum_mm_previous_4w_sum,-0.06618305969031339,0.028651123194771106
kme_2021,2021,glm_compact_weather_offset,z_stl1_mean_c_previous_4w_mean,-0.0914360390747834,0.22485774764321606
kme_2021,2021,glm_compact_weather_offset,z_swvl1_mean_m3_m3_previous_4w_mean,0.04810212012676096,0.02551850258170107
kme_2022,2022,glm_seasonal_region_offset,intercept,-1.014285355713354,0.07028840821344183
kme_2022,2022,glm_seasonal_region_offset,seasonal_sin_annual,0.6262125647188209,0.022789292279627102
kme_2022,2022,glm_seasonal_region_offset,seasonal_cos_annual,-1.448312742068635,0.02808617397559909
kme_2022,2022,glm_seasonal_region_offset,region[02],-0.10015738839863202,0.08014472564452362
kme_2022,2022,glm_seasonal_region_offset,region[03],1.4783503367220936,0.07948393962503181
kme_2022,2022,glm_seasonal_region_offset,region[04],-0.1819674254994395,0.08427372484758
kme_2022,2022,glm_seasonal_region_offset,region[05],-0.8093391419446548,0.15950432054943656
kme_2022,2022,glm_seasonal_region_offset,region[06],-1.2950933730488166,0.17392331827045482
kme_2022,2022,glm_seasonal_region_offset,region[07],0.19463112067689126,0.08750471771782897
kme_2022,2022,glm_seasonal_region_offset,region[08],0.3416173213838046,0.07281991368450945
kme_2022,2022,glm_seasonal_region_offset,region[09],1.1071412986645661,0.07393689307787005
kme_2022,2022,glm_seasonal_region_offset,region[10],1.4639819374966718,0.08333512839055213
kme_2022,2022,glm_seasonal_region_offset,region[11],0.14296595007234858,0.09227429208391219
kme_2022,2022,glm_seasonal_region_offset,region[12],-1.8147538197394242,0.18215302267002828
kme_2022,2022,glm_past_kme_offset,intercept,-1.0140536313285347,0.07037178124508307
kme_2022,2022,glm_past_kme_offset,seasonal_sin_annual,0.6967308052769245,0.025804155215457154
kme_2022,2022,glm_past_kme_offset,seasonal_cos_annual,-1.4058009467953827,0.02894646774329742
kme_2022,2022,glm_past_kme_offset,region[02],-0.08687816523383729,0.08017659454648302
kme_2022,2022,glm_past_kme_offset,region[03],1.3988981879001696,0.0807017983135981
kme_2022,2022,glm_past_kme_offset,region[04],-0.15805391492716309,0.08436541040964486
kme_2022,2022,glm_past_kme_offset,region[05],-0.7781823452449523,0.15958246855131708
kme_2022,2022,glm_past_kme_offset,region[06],-1.2577481489209374,0.1740278115194583
kme_2022,2022,glm_past_kme_offset,region[07],0.20604215794437689,0.08752479686870854
kme_2022,2022,glm_past_kme_offset,region[08],0.3448871801042455,0.07282384423273056
kme_2022,2022,glm_past_kme_offset,region[09],1.066264699197042,0.07425894014993685
kme_2022,2022,glm_past_kme_offset,region[10],1.3788247189816802,0.08469212621932143
kme_2022,2022,glm_past_kme_offset,region[11],0.16148914798866545,0.09232450772741438
kme_2022,2022,glm_past_kme_offset,region[12],-1.7774455182739284,0.1822513467641681
kme_2022,2022,glm_past_kme_offset,z_past_8w_kme_incidence_per_100000,0.08125620128127033,0.012886554485869285
kme_2022,2022,glm_weather_only_offset,intercept,-0.31734319042526044,0.01738198162824554
kme_2022,2022,glm_weather_only_offset,z_t2m_mean_c_previous_4w_mean,5.25201376934431,0.2201289767503636
kme_2022,2022,glm_weather_only_offset,z_tp_sum_mm_previous_4w_sum,0.2092088546636935,0.018417935132494113
kme_2022,2022,glm_weather_only_offset,z_stl1_mean_c_previous_4w_mean,-4.623240877641374,0.21484762276392863
kme_2022,2022,glm_weather_only_offset,z_swvl1_mean_m3_m3_previous_4w_mean,0.31174659759411133,0.02286048387908968
kme_2022,2022,glm_seasonal_region_weather_offset,intercept,-1.0682327216610126,0.07250291657461173
kme_2022,2022,glm_seasonal_region_weather_offset,seasonal_sin_annual,0.8473723852784172,0.06421388080994463
kme_2022,2022,glm_seasonal_region_weather_offset,seasonal_cos_annual,-1.1756599072987723,0.08449465049740257
kme_2022,2022,glm_seasonal_region_weather_offset,region[02],-0.08346261634647742,0.08089797198255019
kme_2022,2022,glm_seasonal_region_weather_offset,region[03],1.52651213515111,0.08455214049054358
kme_2022,2022,glm_seasonal_region_weather_offset,region[04],-0.15141052078753556,0.08631549628391488
kme_2022,2022,glm_seasonal_region_weather_offset,region[05],-0.7560190586450886,0.16071696937243976
kme_2022,2022,glm_seasonal_region_weather_offset,region[06],-1.2699257585591663,0.17416057540792723
kme_2022,2022,glm_seasonal_region_weather_offset,region[07],0.2632050300006759,0.0896220669341129
kme_2022,2022,glm_seasonal_region_weather_offset,region[08],0.41897507085742075,0.07593166307400943
kme_2022,2022,glm_seasonal_region_weather_offset,region[09],1.2267250098873201,0.08213985119577394
kme_2022,2022,glm_seasonal_region_weather_offset,region[10],1.588355644241323,0.08744433980196285
kme_2022,2022,glm_seasonal_region_weather_offset,region[11],0.27412909743045927,0.09707957984361437
kme_2022,2022,glm_seasonal_region_weather_offset,region[12],-1.7263503448069448,0.18298056293693132
kme_2022,2022,glm_seasonal_region_weather_offset,z_t2m_mean_c_previous_4w_mean,-0.2936866656778768,0.18368187559836519
kme_2022,2022,glm_seasonal_region_weather_offset,z_tp_sum_mm_previous_4w_sum,-0.11222957180549936,0.025585182620313587
kme_2022,2022,glm_seasonal_region_weather_offset,z_stl1_mean_c_previous_4w_mean,0.6536946702209049,0.20223280694396023
kme_2022,2022,glm_seasonal_region_weather_offset,z_swvl1_mean_m3_m3_previous_4w_mean,0.16237675834880125,0.024323226740994127
kme_2022,2022,glm_compact_weather_offset,intercept,-1.0631502925836218,0.07258142962575313
kme_2022,2022,glm_compact_weather_offset,seasonal_sin_annual,0.8948664346012339,0.06524997555520429
kme_2022,2022,glm_compact_weather_offset,seasonal_cos_annual,-1.1524005413627643,0.08454807019098956
kme_2022,2022,glm_compact_weather_offset,region[02],-0.0726298156993951,0.0809401247912803
kme_2022,2022,glm_compact_weather_offset,region[03],1.461965620682621,0.08576884872390578
kme_2022,2022,glm_compact_weather_offset,region[04],-0.13078962533625468,0.08644520275649852
kme_2022,2022,glm_compact_weather_offset,region[05],-0.7321588676453497,0.16079992622174144
kme_2022,2022,glm_compact_weather_offset,region[06],-1.2411709204746963,0.17425715606181535
kme_2022,2022,glm_compact_weather_offset,region[07],0.26681532587502,0.08962312942602184
kme_2022,2022,glm_compact_weather_offset,region[08],0.41546993282053135,0.07592675778703332
kme_2022,2022,glm_compact_weather_offset,region[09],1.1852292146427992,0.08258714307584203
kme_2022,2022,glm_compact_weather_offset,region[10],1.508689051872083,0.08908598720124211
kme_2022,2022,glm_compact_weather_offset,region[11],0.2770436749472703,0.09717393689414812
kme_2022,2022,glm_compact_weather_offset,region[12],-1.7107027811164501,0.18301036522320596
kme_2022,2022,glm_compact_weather_offset,z_past_8w_kme_incidence_per_100000,0.066478019991031,0.013333670679797445
kme_2022,2022,glm_compact_weather_offset,z_t2m_mean_c_previous_4w_mean,-0.2638574828051483,0.18319510488052393
kme_2022,2022,glm_compact_weather_offset,z_tp_sum_mm_previous_4w_sum,-0.09415072238392412,0.02586369599271776
kme_2022,2022,glm_compact_weather_offset,z_stl1_mean_c_previous_4w_mean,0.5976840962892013,0.20228135044707385
kme_2022,2022,glm_compact_weather_offset,z_swvl1_mean_m3_m3_previous_4w_mean,0.14005900206124913,0.024776256486718277
kme_2023,2023,glm_seasonal_region_offset,intercept,-1.101851495573471,0.0666977101572425
kme_2023,2023,glm_seasonal_region_offset,seasonal_sin_annual,0.6189308244445001,0.021091733126848446
kme_2023,2023,glm_seasonal_region_offset,seasonal_cos_annual,-1.5068886728424318,0.026298218601919783
kme_2023,2023,glm_seasonal_region_offset,region[02],-0.09972417989888177,0.07601343411376038
kme_2023,2023,glm_seasonal_region_offset,region[03],1.5266200907655743,0.07493766253609636
kme_2023,2023,glm_seasonal_region_offset,region[04],-0.12436304639838973,0.07914254635095846
kme_2023,2023,glm_seasonal_region_offset,region[05],-0.6270676383332686,0.14062139809457413
kme_2023,2023,glm_seasonal_region_offset,region[06],-1.4012380844547108,0.1725989659315272
kme_2023,2023,glm_seasonal_region_offset,region[07],0.264729337592137,0.08185595989577137
kme_2023,2023,glm_seasonal_region_offset,region[08],0.4196316537840454,0.06874165272023337
kme_2023,2023,glm_seasonal_region_offset,region[09],1.156068580773618,0.06986731816711089
kme_2023,2023,glm_seasonal_region_offset,region[10],1.57218662809312,0.07766992239442246
kme_2023,2023,glm_seasonal_region_offset,region[11],0.20841111099694723,0.08624877574419307
kme_2023,2023,glm_seasonal_region_offset,region[12],-1.7198926398018803,0.16554513507367374
kme_2023,2023,glm_past_kme_offset,intercept,-1.0997461979408887,0.06675778336845221
kme_2023,2023,glm_past_kme_offset,seasonal_sin_annual,0.6753194833034324,0.02413601243439677
kme_2023,2023,glm_past_kme_offset,seasonal_cos_annual,-1.4745169697722078,0.02711315129390044
kme_2023,2023,glm_past_kme_offset,region[02],-0.0899672024298893,0.07604070229446
kme_2023,2023,glm_past_kme_offset,region[03],1.4609165731816367,0.07620733484679933
kme_2023,2023,glm_past_kme_offset,region[04],-0.10840347514003398,0.07920960527687586
kme_2023,2023,glm_past_kme_offset,region[05],-0.6083247698900216,0.14067098067077996
kme_2023,2023,glm_past_kme_offset,region[06],-1.3734126431957616,0.17268854010620927
kme_2023,2023,glm_past_kme_offset,region[07],0.27028376095583617,0.08186396948794392
kme_2023,2023,glm_past_kme_offset,region[08],0.41981121060941573,0.06874240370650121
kme_2023,2023,glm_past_kme_offset,region[09],1.1244680876231496,0.07016650971657146
kme_2023,2023,glm_past_kme_offset,region[10],1.501334967587099,0.07911844993648859
kme_2023,2023,glm_past_kme_offset,region[11],0.2187655889737985,0.08627518742885251
kme_2023,2023,glm_past_kme_offset,region[12],-1.6933716871711884,0.16562942151652468
kme_2023,2023,glm_past_kme_offset,z_past_8w_kme_incidence_per_100000,0.06300019108878253,0.012420374829769765
kme_2023,2023,glm_weather_only_offset,intercept,-0.3717061129610041,0.016783977412556182
kme_2023,2023,glm_weather_only_offset,z_t2m_mean_c_previous_4w_mean,6.108375182744978,0.20801603302126795
kme_2023,2023,glm_weather_only_offset,z_tp_sum_mm_previous_4w_sum,0.22108429830303522,0.01722729805947949
kme_2023,2023,glm_weather_only_offset,z_stl1_mean_c_previous_4w_mean,-5.408069507355014,0.2026951682180568
kme_2023,2023,glm_weather_only_offset,z_swvl1_mean_m3_m3_previous_4w_mean,0.33449449798073205,0.02143941325249275
kme_2023,2023,glm_seasonal_region_weather_offset,intercept,-1.1475245620409622,0.06856511774896776
kme_2023,2023,glm_seasonal_region_weather_offset,seasonal_sin_annual,0.8636009536640173,0.06159183676715659
kme_2023,2023,glm_seasonal_region_weather_offset,seasonal_cos_annual,-1.1657975533182023,0.08223631996938015
kme_2023,2023,glm_seasonal_region_weather_offset,region[02],-0.08634960443077844,0.0767213522466833
kme_2023,2023,glm_seasonal_region_weather_offset,region[03],1.5749744102013246,0.07964647671853993
kme_2023,2023,glm_seasonal_region_weather_offset,region[04],-0.0902131158513091,0.08105231216815907
kme_2023,2023,glm_seasonal_region_weather_offset,region[05],-0.5674068854941153,0.1418356887412475
kme_2023,2023,glm_seasonal_region_weather_offset,region[06],-1.3760785175534345,0.17280058186834513
kme_2023,2023,glm_seasonal_region_weather_offset,region[07],0.3317028682082481,0.08376424085120995
kme_2023,2023,glm_seasonal_region_weather_offset,region[08],0.4972515167641647,0.07157111089450915
kme_2023,2023,glm_seasonal_region_weather_offset,region[09],1.2787335261052357,0.0773147747950748
kme_2023,2023,glm_seasonal_region_weather_offset,region[10],1.6932725664375383,0.08128663938076941
kme_2023,2023,glm_seasonal_region_weather_offset,region[11],0.3243853197890773,0.0902827165331869
kme_2023,2023,glm_seasonal_region_weather_offset,region[12],-1.647824649211631,0.16626226877701772
kme_2023,2023,glm_seasonal_region_weather_offset,z_t2m_mean_c_previous_4w_mean,-0.13246422513697256,0.17940013537031307
kme_2023,2023,glm_seasonal_region_weather_offset,z_tp_sum_mm_previous_4w_sum,-0.0806192983904343,0.023540027342957445
kme_2023,2023,glm_seasonal_region_weather_offset,z_stl1_mean_c_previous_4w_mean,0.5305595959213939,0.19480622022684346
kme_2023,2023,glm_seasonal_region_weather_offset,z_swvl1_mean_m3_m3_previous_4w_mean,0.15241032758532977,0.023133804943566098
kme_2023,2023,glm_compact_weather_offset,intercept,-1.1429943857333276,0.06863014114522088
kme_2023,2023,glm_compact_weather_offset,seasonal_sin_annual,0.9066240011086194,0.06265355408256255
kme_2023,2023,glm_compact_weather_offset,seasonal_cos_annual,-1.1444617714714558,0.08227852802024622
kme_2023,2023,glm_compact_weather_offset,region[02],-0.07792819562540487,0.07675422432230165
kme_2023,2023,glm_compact_weather_offset,region[03],1.519336707939817,0.08091385204326078
kme_2023,2023,glm_compact_weather_offset,region[04],-0.07606675374527419,0.0811362104124487
kme_2023,2023,glm_compact_weather_offset,region[05],-0.5528228265322032,0.14188161733378118
kme_2023,2023,glm_compact_weather_offset,region[06],-1.3539538204615078,0.1728838211654214
kme_2023,2023,glm_compact_weather_offset,region[07],0.33236799711510523,0.08376001149758891
kme_2023,2023,glm_compact_weather_offset,region[08],0.4936654285502704,0.07156562244782037
kme_2023,2023,glm_compact_weather_offset,region[09],1.2476407706855464,0.07768832669055284
kme_2023,2023,glm_compact_weather_offset,region[10],1.6290037273048001,0.08289127844216035
kme_2023,2023,glm_compact_weather_offset,region[11],0.3258858432465451,0.09032821591040537
kme_2023,2023,glm_compact_weather_offset,region[12],-1.6346608667484774,0.16629287555274574
kme_2023,2023,glm_compact_weather_offset,z_past_8w_kme_incidence_per_100000,0.05268542243081914,0.012687824872287985
kme_2023,2023,glm_compact_weather_offset,z_t2m_mean_c_previous_4w_mean,-0.11890975643221313,0.17896785750667982
kme_2023,2023,glm_compact_weather_offset,z_tp_sum_mm_previous_4w_sum,-0.06967218345611864,0.023729246097199657
kme_2023,2023,glm_compact_weather_offset,z_stl1_mean_c_previous_4w_mean,0.5028973792579663,0.19464710224920698
kme_2023,2023,glm_compact_weather_offset,z_swvl1_mean_m3_m3_previous_4w_mean,0.13967771071228313,0.023331982364093284
kme_2024,2024,glm_seasonal_region_offset,intercept,-1.2103674077302211,0.06552190731947259
kme_2024,2024,glm_seasonal_region_offset,seasonal_sin_annual,0.5949541783675226,0.0202583360342099
kme_2024,2024,glm_seasonal_region_offset,seasonal_cos_annual,-1.5232592245816023,0.025358044572824243
kme_2024,2024,glm_seasonal_region_offset,region[02],-0.05814316905884884,0.07432603820596248
kme_2024,2024,glm_seasonal_region_offset,region[03],1.5489689389128884,0.07350528429519591
kme_2024,2024,glm_seasonal_region_offset,region[04],-0.0821424935536268,0.07728526083598532
kme_2024,2024,glm_seasonal_region_offset,region[05],-0.6599353801917811,0.14014658134720653
kme_2024,2024,glm_seasonal_region_offset,region[06],-1.4351883626579345,0.1722123376849862
kme_2024,2024,glm_seasonal_region_offset,region[07],0.34434014721349615,0.07930190211847657
kme_2024,2024,glm_seasonal_region_offset,region[08],0.4717804934950314,0.0674054205319605
kme_2024,2024,glm_seasonal_region_offset,region[09],1.2023063748740994,0.06847966901666612
kme_2024,2024,glm_seasonal_region_offset,region[10],1.5882898937543846,0.07619037404235166
kme_2024,2024,glm_seasonal_region_offset,region[11],0.22872950601092146,0.08444719704839378
kme_2024,2024,glm_seasonal_region_offset,region[12],-1.7579171198922088,0.16514199416625377
kme_2024,2024,glm_past_kme_offset,intercept,-1.2078970203454915,0.06559030696864726
kme_2024,2024,glm_past_kme_offset,seasonal_sin_annual,0.6634261199057716,0.02306039515325976
kme_2024,2024,glm_past_kme_offset,seasonal_cos_annual,-1.48650103932572,0.02602694833412075
kme_2024,2024,glm_past_kme_offset,region[02],-0.047526307555226854,0.07434609679572703
kme_2024,2024,glm_past_kme_offset,region[03],1.4706074415857509,0.0746334676055875
kme_2024,2024,glm_past_kme_offset,region[04],-0.06476528797527414,0.07733389989280513
kme_2024,2024,glm_past_kme_offset,region[05],-0.6378598158435583,0.14018687728567092
kme_2024,2024,glm_past_kme_offset,region[06],-1.4029209376033853,0.1722830627322465
kme_2024,2024,glm_past_kme_offset,region[07],0.3483929662455816,0.07930517158331479
kme_2024,2024,glm_past_kme_offset,region[08],0.4705235291152418,0.06740623813889199
kme_2024,2024,glm_past_kme_offset,region[09],1.161725393723812,0.06877816576397665
kme_2024,2024,glm_past_kme_offset,region[10],1.504098820016655,0.07747270540258643
kme_2024,2024,glm_past_kme_offset,region[11],0.2396920131914835,0.08446558250749504
kme_2024,2024,glm_past_kme_offset,region[12],-1.7270343904615038,0.16520901562202361
kme_2024,2024,glm_past_kme_offset,z_past_8w_kme_incidence_per_100000,0.07564573461989754,0.011368442134958264
kme_2024,2024,glm_weather_only_offset,intercept,-0.4507082686277659,0.016400998146594063
kme_2024,2024,glm_weather_only_offset,z_t2m_mean_c_previous_4w_mean,6.312001895725474,0.200556605633839
kme_2024,2024,glm_weather_only_offset,z_tp_sum_mm_previous_4w_sum,0.20082287218968792,0.016623462688066814
kme_2024,2024,glm_weather_only_offset,z_stl1_mean_c_previous_4w_mean,-5.598671860064658,0.19476150946333692
kme_2024,2024,glm_weather_only_offset,z_swvl1_mean_m3_m3_previous_4w_mean,0.3254796274837798,0.021129658700765937
kme_2024,2024,glm_seasonal_region_weather_offset,intercept,-1.2662293791355306,0.0673734527330509
kme_2024,2024,glm_seasonal_region_weather_offset,seasonal_sin_annual,0.7453037318924552,0.062148131911923546
kme_2024,2024,glm_seasonal_region_weather_offset,seasonal_cos_annual,-1.3123970965122085,0.08079105023469134
kme_2024,2024,glm_seasonal_region_weather_offset,region[02],-0.040605004921667215,0.07501741800645469
kme_2024,2024,glm_seasonal_region_weather_offset,region[03],1.6138384241578612,0.07812369002923382
kme_2024,2024,glm_seasonal_region_weather_offset,region[04],-0.04795635620913018,0.07912090599850605
kme_2024,2024,glm_seasonal_region_weather_offset,region[05],-0.6132137720803805,0.1412815017640922
kme_2024,2024,glm_seasonal_region_weather_offset,region[06],-1.4171604019162487,0.17239082856135352
kme_2024,2024,glm_seasonal_region_weather_offset,region[07],0.40462007643634457,0.08113117462798931
kme_2024,2024,glm_seasonal_region_weather_offset,region[08],0.5341312340319003,0.07007967021114878
kme_2024,2024,glm_seasonal_region_weather_offset,region[09],1.3187905786532905,0.07583875212105731
kme_2024,2024,glm_seasonal_region_weather_offset,region[10],1.7010977473012259,0.07963893421197238
kme_2024,2024,glm_seasonal_region_weather_offset,region[11],0.3428169203581436,0.08817458417521618
kme_2024,2024,glm_seasonal_region_weather_offset,region[12],-1.685100633679252,0.16579529961587056
kme_2024,2024,glm_seasonal_region_weather_offset,z_t2m_mean_c_previous_4w_mean,0.10144716822038786,0.17682389753952868
kme_2024,2024,glm_seasonal_region_weather_offset,z_tp_sum_mm_previous_4w_sum,-0.09752381505517316,0.022221620987435294
kme_2024,2024,glm_seasonal_region_weather_offset,z_stl1_mean_c_previous_4w_mean,0.17378827571460118,0.18978815712951094
kme_2024,2024,glm_seasonal_region_weather_offset,z_swvl1_mean_m3_m3_previous_4w_mean,0.10784351797488473,0.02210324182894763
kme_2024,2024,glm_compact_weather_offset,intercept,-1.2589466565753864,0.06744942775422118
kme_2024,2024,glm_compact_weather_offset,seasonal_sin_annual,0.8025845615600442,0.06308158465990822
kme_2024,2024,glm_compact_weather_offset,seasonal_cos_annual,-1.2843080924278358,0.08071531778984921
kme_2024,2024,glm_compact_weather_offset,region[02],-0.031900254953962905,0.07503856946690311
kme_2024,2024,glm_compact_weather_offset,region[03],1.540254544888521,0.0792908987712367
kme_2024,2024,glm_compact_weather_offset,region[04],-0.032849945656849136,0.07917689478972513
kme_2024,2024,glm_compact_weather_offset,region[05],-0.5955565493371182,0.14131527021736529
kme_2024,2024,glm_compact_weather_offset,region[06],-1.3898997981816401,0.17245453642223615
kme_2024,2024,glm_compact_weather_offset,region[07],0.40209157987227484,0.0811222594906984
kme_2024,2024,glm_compact_weather_offset,region[08],0.5274002700766621,0.07006965231091157
kme_2024,2024,glm_compact_weather_offset,region[09],1.2747807792932642,0.07621276639402894
kme_2024,2024,glm_compact_weather_offset,region[10],1.6161560702179667,0.08113427157147758
kme_2024,2024,glm_compact_weather_offset,region[11],0.34240216457845457,0.08821439202865407
kme_2024,2024,glm_compact_weather_offset,region[12],-1.66817373889959,0.16581285477527377
kme_2024,2024,glm_compact_weather_offset,z_past_8w_kme_incidence_per_100000,0.06802306718872793,0.01154847908207276
kme_2024,2024,glm_compact_weather_offset,z_t2m_mean_c_previous_4w_mean,0.12044479707858434,0.17623150204572116
kme_2024,2024,glm_compact_weather_offset,z_tp_sum_mm_previous_4w_sum,-0.08264230992362409,0.022383945947066726
kme_2024,2024,glm_compact_weather_offset,z_stl1_mean_c_previous_4w_mean,0.13852303677025096,0.1894268876213209
kme_2024,2024,glm_compact_weather_offset,z_swvl1_mean_m3_m3_previous_4w_mean,0.09338413235845416,0.022198888998085958
kme_2025,2025,glm_seasonal_region_offset,intercept,-1.1857486208985024,0.06230375541036103
kme_2025,2025,glm_seasonal_region_offset,seasonal_sin_annual,0.6099297653819795,0.019092125969325812
kme_2025,2025,glm_seasonal_region_offset,seasonal_cos_annual,-1.4285616254025486,0.023178220186482204
kme_2025,2025,glm_seasonal_region_offset,region[02],-0.03872228107669082,0.07077357384247256
kme_2025,2025,glm_seasonal_region_offset,region[03],1.4995342513727539,0.07064718622104364
kme_2025,2025,glm_seasonal_region_offset,region[04],-0.1422000460195596,0.07452088932321374
kme_2025,2025,glm_seasonal_region_offset,region[05],-0.5295102309810195,0.12713380222859488
kme_2025,2025,glm_seasonal_region_offset,region[06],-1.3420232039468567,0.15792276369072475
kme_2025,2025,glm_seasonal_region_offset,region[07],0.2846923516911974,0.07652441612496917
kme_2025,2025,glm_seasonal_region_offset,region[08],0.5037396258864272,0.06424205056251955
kme_2025,2025,glm_seasonal_region_offset,region[09],1.2232985381641326,0.06528800950231722
kme_2025,2025,glm_seasonal_region_offset,region[10],1.5788528195454994,0.07283570459297155
kme_2025,2025,glm_seasonal_region_offset,region[11],0.2934761880979712,0.07951464119104837
kme_2025,2025,glm_seasonal_region_offset,region[12],-1.8546903745234833,0.1640695500296176
kme_2025,2025,glm_past_kme_offset,intercept,-1.182153283174413,0.062361690387205584
kme_2025,2025,glm_past_kme_offset,seasonal_sin_annual,0.6749177495522627,0.021405497773291357
kme_2025,2025,glm_past_kme_offset,seasonal_cos_annual,-1.388877629280158,0.023884775092926053
kme_2025,2025,glm_past_kme_offset,region[02],-0.027496621273057652,0.07079327681070843
kme_2025,2025,glm_past_kme_offset,region[03],1.4225741546624393,0.07163177146489004
kme_2025,2025,glm_past_kme_offset,region[04],-0.12340227476209784,0.07456988811045999
kme_2025,2025,glm_past_kme_offset,region[05],-0.5115301976477362,0.12715812292451073
kme_2025,2025,glm_past_kme_offset,region[06],-1.308553875387681,0.15799230849372461
kme_2025,2025,glm_past_kme_offset,region[07],0.29090450451857425,0.07652980809255391
kme_2025,2025,glm_past_kme_offset,region[08],0.49980114606301396,0.06424420356080336
kme_2025,2025,glm_past_kme_offset,region[09],1.177630001193665,0.06562161754310375
kme_2025,2025,glm_past_kme_offset,region[10],1.4920954188677498,0.07405206731922484
kme_2025,2025,glm_past_kme_offset,region[11],0.3020193409446864,0.07952499213144872
kme_2025,2025,glm_past_kme_offset,region[12],-1.8223863218361047,0.16413148332562463
kme_2025,2025,glm_past_kme_offset,z_past_8w_kme_incidence_per_100000,0.07797093005973088,0.010752866154821964
kme_2025,2025,glm_weather_only_offset,intercept,-0.4553852365610015,0.015248035586571325
kme_2025,2025,glm_weather_only_offset,z_t2m_mean_c_previous_4w_mean,6.207283044981249,0.1914569084983806
kme_2025,2025,glm_weather_only_offset,z_tp_sum_mm_previous_4w_sum,0.1795032692824733,0.015764726617766765
kme_2025,2025,glm_weather_only_offset,z_stl1_mean_c_previous_4w_mean,-5.510003679101624,0.18652912838613245
kme_2025,2025,glm_weather_only_offset,z_swvl1_mean_m3_m3_previous_4w_mean,0.3622664999824253,0.020635575493908036
kme_2025,2025,glm_seasonal_region_weather_offset,intercept,-1.2165500058146927,0.06415687876697633
kme_2025,2025,glm_seasonal_region_weather_offset,seasonal_sin_annual,0.728256163518375,0.05548993073005298
kme_2025,2025,glm_seasonal_region_weather_offset,seasonal_cos_annual,-1.219344317511538,0.07120513915811988
kme_2025,2025,glm_seasonal_region_weather_offset,region[02],-0.03943384934684069,0.07142014053482457
kme_2025,2025,glm_seasonal_region_weather_offset,region[03],1.5310128112677277,0.07486365196558634
kme_2025,2025,glm_seasonal_region_weather_offset,region[04],-0.1275667446094702,0.07620842372789685
kme_2025,2025,glm_seasonal_region_weather_offset,region[05],-0.5040764872535326,0.12821142493461782
kme_2025,2025,glm_seasonal_region_weather_offset,region[06],-1.3416504517063255,0.15810648035294997
kme_2025,2025,glm_seasonal_region_weather_offset,region[07],0.3085824351524595,0.07816777876135324
kme_2025,2025,glm_seasonal_region_weather_offset,region[08],0.5318153444238861,0.06674072845651982
kme_2025,2025,glm_seasonal_region_weather_offset,region[09],1.3060072765248683,0.07193464632398579
kme_2025,2025,glm_seasonal_region_weather_offset,region[10],1.6567133158632696,0.0759970318258328
kme_2025,2025,glm_seasonal_region_weather_offset,region[11],0.3638317375801593,0.08322521678345088
kme_2025,2025,glm_seasonal_region_weather_offset,region[12],-1.8006277289024122,0.16468057190655308
kme_2025,2025,glm_seasonal_region_weather_offset,z_t2m_mean_c_previous_4w_mean,0.4651108846242536,0.17257352324291886
kme_2025,2025,glm_seasonal_region_weather_offset,z_tp_sum_mm_previous_4w_sum,-0.05785126357382446,0.021390428451679308
kme_2025,2025,glm_seasonal_region_weather_offset,z_stl1_mean_c_previous_4w_mean,-0.2170170024496977,0.1838716772356639
kme_2025,2025,glm_seasonal_region_weather_offset,z_swvl1_mean_m3_m3_previous_4w_mean,0.09538643002931457,0.02199635201548655
kme_2025,2025,glm_compact_weather_offset,intercept,-1.209114862865255,0.06422789841923038
kme_2025,2025,glm_compact_weather_offset,seasonal_sin_annual,0.7828338881319861,0.05623816018901747
kme_2025,2025,glm_compact_weather_offset,seasonal_cos_annual,-1.1923676525537361,0.07117604386385602
kme_2025,2025,glm_compact_weather_offset,region[02],-0.02866546269307707,0.07144639469994787
kme_2025,2025,glm_compact_weather_offset,region[03],1.457958490251503,0.07587131501676113
kme_2025,2025,glm_compact_weather_offset,region[04],-0.10962456887027458,0.07627556251393856
kme_2025,2025,glm_compact_weather_offset,region[05],-0.4890511222039448,0.12823566601880818
kme_2025,2025,glm_compact_weather_offset,region[06],-1.3114662913600705,0.15817466278524872
kme_2025,2025,glm_compact_weather_offset,region[07],0.3093182150633171,0.07816361248132499
kme_2025,2025,glm_compact_weather_offset,region[08],0.5231708037256874,0.06673905286842383
kme_2025,2025,glm_compact_weather_offset,region[09],1.256470259320449,0.0723369079564313
kme_2025,2025,glm_compact_weather_offset,region[10],1.5671618178389346,0.07740367177210795
kme_2025,2025,glm_compact_weather_offset,region[11],0.3611967325343797,0.08327175442268629
kme_2025,2025,glm_compact_weather_offset,region[12],-1.782670923448428,0.16469654256674662
kme_2025,2025,glm_compact_weather_offset,z_past_8w_kme_incidence_per_100000,0.07228061500725949,0.010911208295885074
kme_2025,2025,glm_compact_weather_offset,z_t2m_mean_c_previous_4w_mean,0.47852334663373663,0.17198283468625605
kme_2025,2025,glm_compact_weather_offset,z_tp_sum_mm_previous_4w_sum,-0.042408548374859606,0.02154664244126902
kme_2025,2025,glm_compact_weather_offset,z_stl1_mean_c_previous_4w_mean,-0.2518910345251449,0.18349535492968264
kme_2025,2025,glm_compact_weather_offset,z_swvl1_mean_m3_m3_previous_4w_mean,0.07716902088399735,0.022108165588233513
