target_lyme_cases_next_4w,municipality_week_count,proportion,cumulative_count,cumulative_proportion,issue_period_start,issue_period_end,target_window_end_max
0,53463,0.541167301,53463,0.541167301,2016-01-04,2024-12-02,2024-12-30
1,19779,0.2002085189,73242,0.7413758199,2016-01-04,2024-12-02,2024-12-30
2,9078,0.0918900316,82320,0.8332658515,2016-01-04,2024-12-02,2024-12-30
3,4990,0.0505101628,87310,0.8837760143,2016-01-04,2024-12-02,2024-12-30
4,2968,0.0300429185,90278,0.9138189327,2016-01-04,2024-12-02,2024-12-30
5,2048,0.0207304235,92326,0.9345493562,2016-01-04,2024-12-02,2024-12-30
6,1365,0.0138169083,93691,0.9483662645,2016-01-04,2024-12-02,2024-12-30
7,920,0.0093124949,94611,0.9576787594,2016-01-04,2024-12-02,2024-12-30
8,803,0.0081281885,95414,0.9658069479,2016-01-04,2024-12-02,2024-12-30
9,502,0.0050813831,95916,0.970888331,2016-01-04,2024-12-02,2024-12-30
10,419,0.0042412341,96335,0.9751295651,2016-01-04,2024-12-02,2024-12-30
11,329,0.0033302292,96664,0.9784597943,2016-01-04,2024-12-02,2024-12-30
12,274,0.0027735039,96938,0.9812332982,2016-01-04,2024-12-02,2024-12-30
13,237,0.0023989797,97175,0.9836322779,2016-01-04,2024-12-02,2024-12-30
14,189,0.0019131104,97364,0.9855453883,2016-01-04,2024-12-02,2024-12-30
15,141,0.0014272411,97505,0.9869726294,2016-01-04,2024-12-02,2024-12-30
16,134,0.0013563851,97639,0.9883290145,2016-01-04,2024-12-02,2024-12-30
17,106,0.0010729614,97745,0.9894019759,2016-01-04,2024-12-02,2024-12-30
18,105,0.0010628391,97850,0.990464815,2016-01-04,2024-12-02,2024-12-30
19,99,0.0010021054,97949,0.9914669204,2016-01-04,2024-12-02,2024-12-30
20,62,0.0006275812,98011,0.9920945016,2016-01-04,2024-12-02,2024-12-30
21,64,0.0006478257,98075,0.9927423273,2016-01-04,2024-12-02,2024-12-30
22,69,0.0006984371,98144,0.9934407644,2016-01-04,2024-12-02,2024-12-30
23,46,0.0004656247,98190,0.9939063892,2016-01-04,2024-12-02,2024-12-30
24,42,0.0004251356,98232,0.9943315248,2016-01-04,2024-12-02,2024-12-30
25,33,0.0003340351,98265,0.99466556,2016-01-04,2024-12-02,2024-12-30
26,31,0.0003137906,98296,0.9949793506,2016-01-04,2024-12-02,2024-12-30
27,38,0.0003846465,98334,0.9953639971,2016-01-04,2024-12-02,2024-12-30
28,33,0.0003340351,98367,0.9956980322,2016-01-04,2024-12-02,2024-12-30
29,26,0.0002631792,98393,0.9959612114,2016-01-04,2024-12-02,2024-12-30
30,27,0.0002733015,98420,0.9962345129,2016-01-04,2024-12-02,2024-12-30
31,14,0.0001417119,98434,0.9963762248,2016-01-04,2024-12-02,2024-12-30
32,10,0.0001012228,98444,0.9964774476,2016-01-04,2024-12-02,2024-12-30
33,18,0.000182201,98462,0.9966596486,2016-01-04,2024-12-02,2024-12-30
34,18,0.000182201,98480,0.9968418495,2016-01-04,2024-12-02,2024-12-30
35,24,0.0002429347,98504,0.9970847842,2016-01-04,2024-12-02,2024-12-30
36,17,0.0001720787,98521,0.9972568629,2016-01-04,2024-12-02,2024-12-30
37,5,0.0000506114,98526,0.9973074743,2016-01-04,2024-12-02,2024-12-30
38,18,0.000182201,98544,0.9974896753,2016-01-04,2024-12-02,2024-12-30
39,12,0.0001214673,98556,0.9976111426,2016-01-04,2024-12-02,2024-12-30
40,6,0.0000607337,98562,0.9976718763,2016-01-04,2024-12-02,2024-12-30
41,12,0.0001214673,98574,0.9977933436,2016-01-04,2024-12-02,2024-12-30
42,9,0.0000911005,98583,0.9978844441,2016-01-04,2024-12-02,2024-12-30
43,10,0.0001012228,98593,0.9979856669,2016-01-04,2024-12-02,2024-12-30
44,6,0.0000607337,98599,0.9980464005,2016-01-04,2024-12-02,2024-12-30
45,9,0.0000911005,98608,0.998137501,2016-01-04,2024-12-02,2024-12-30
46,6,0.0000607337,98614,0.9981982347,2016-01-04,2024-12-02,2024-12-30
47,4,0.0000404891,98618,0.9982387238,2016-01-04,2024-12-02,2024-12-30
48,4,0.0000404891,98622,0.9982792129,2016-01-04,2024-12-02,2024-12-30
49,10,0.0001012228,98632,0.9983804357,2016-01-04,2024-12-02,2024-12-30
50,3,0.0000303668,98635,0.9984108025,2016-01-04,2024-12-02,2024-12-30
51,1,0.0000101223,98636,0.9984209248,2016-01-04,2024-12-02,2024-12-30
52,2,0.0000202446,98638,0.9984411693,2016-01-04,2024-12-02,2024-12-30
53,5,0.0000506114,98643,0.9984917807,2016-01-04,2024-12-02,2024-12-30
54,2,0.0000202446,98645,0.9985120253,2016-01-04,2024-12-02,2024-12-30
55,2,0.0000202446,98647,0.9985322698,2016-01-04,2024-12-02,2024-12-30
56,3,0.0000303668,98650,0.9985626367,2016-01-04,2024-12-02,2024-12-30
57,3,0.0000303668,98653,0.9985930035,2016-01-04,2024-12-02,2024-12-30
58,4,0.0000404891,98657,0.9986334926,2016-01-04,2024-12-02,2024-12-30
59,5,0.0000506114,98662,0.998684104,2016-01-04,2024-12-02,2024-12-30
60,2,0.0000202446,98664,0.9987043485,2016-01-04,2024-12-02,2024-12-30
61,3,0.0000303668,98667,0.9987347154,2016-01-04,2024-12-02,2024-12-30
62,2,0.0000202446,98669,0.9987549599,2016-01-04,2024-12-02,2024-12-30
63,5,0.0000506114,98674,0.9988055713,2016-01-04,2024-12-02,2024-12-30
64,2,0.0000202446,98676,0.9988258159,2016-01-04,2024-12-02,2024-12-30
65,6,0.0000607337,98682,0.9988865495,2016-01-04,2024-12-02,2024-12-30
66,2,0.0000202446,98684,0.9989067941,2016-01-04,2024-12-02,2024-12-30
67,2,0.0000202446,98686,0.9989270386,2016-01-04,2024-12-02,2024-12-30
68,2,0.0000202446,98688,0.9989472832,2016-01-04,2024-12-02,2024-12-30
69,2,0.0000202446,98690,0.9989675277,2016-01-04,2024-12-02,2024-12-30
70,4,0.0000404891,98694,0.9990080168,2016-01-04,2024-12-02,2024-12-30
71,2,0.0000202446,98696,0.9990282614,2016-01-04,2024-12-02,2024-12-30
72,1,0.0000101223,98697,0.9990383837,2016-01-04,2024-12-02,2024-12-30
74,6,0.0000607337,98703,0.9990991173,2016-01-04,2024-12-02,2024-12-30
75,3,0.0000303668,98706,0.9991294842,2016-01-04,2024-12-02,2024-12-30
76,3,0.0000303668,98709,0.999159851,2016-01-04,2024-12-02,2024-12-30
77,5,0.0000506114,98714,0.9992104624,2016-01-04,2024-12-02,2024-12-30
78,2,0.0000202446,98716,0.9992307069,2016-01-04,2024-12-02,2024-12-30
79,1,0.0000101223,98717,0.9992408292,2016-01-04,2024-12-02,2024-12-30
80,3,0.0000303668,98720,0.999271196,2016-01-04,2024-12-02,2024-12-30
81,1,0.0000101223,98721,0.9992813183,2016-01-04,2024-12-02,2024-12-30
82,3,0.0000303668,98724,0.9993116852,2016-01-04,2024-12-02,2024-12-30
83,2,0.0000202446,98726,0.9993319297,2016-01-04,2024-12-02,2024-12-30
85,1,0.0000101223,98727,0.999342052,2016-01-04,2024-12-02,2024-12-30
86,2,0.0000202446,98729,0.9993622965,2016-01-04,2024-12-02,2024-12-30
87,4,0.0000404891,98733,0.9994027857,2016-01-04,2024-12-02,2024-12-30
88,1,0.0000101223,98734,0.9994129079,2016-01-04,2024-12-02,2024-12-30
89,3,0.0000303668,98737,0.9994432748,2016-01-04,2024-12-02,2024-12-30
90,4,0.0000404891,98741,0.9994837639,2016-01-04,2024-12-02,2024-12-30
91,1,0.0000101223,98742,0.9994938861,2016-01-04,2024-12-02,2024-12-30
93,1,0.0000101223,98743,0.9995040084,2016-01-04,2024-12-02,2024-12-30
94,1,0.0000101223,98744,0.9995141307,2016-01-04,2024-12-02,2024-12-30
95,1,0.0000101223,98745,0.999524253,2016-01-04,2024-12-02,2024-12-30
96,2,0.0000202446,98747,0.9995444975,2016-01-04,2024-12-02,2024-12-30
97,1,0.0000101223,98748,0.9995546198,2016-01-04,2024-12-02,2024-12-30
98,1,0.0000101223,98749,0.9995647421,2016-01-04,2024-12-02,2024-12-30
100,2,0.0000202446,98751,0.9995849866,2016-01-04,2024-12-02,2024-12-30
101,1,0.0000101223,98752,0.9995951089,2016-01-04,2024-12-02,2024-12-30
103,1,0.0000101223,98753,0.9996052312,2016-01-04,2024-12-02,2024-12-30
105,2,0.0000202446,98755,0.9996254757,2016-01-04,2024-12-02,2024-12-30
106,1,0.0000101223,98756,0.999635598,2016-01-04,2024-12-02,2024-12-30
111,1,0.0000101223,98757,0.9996457203,2016-01-04,2024-12-02,2024-12-30
112,4,0.0000404891,98761,0.9996862094,2016-01-04,2024-12-02,2024-12-30
115,1,0.0000101223,98762,0.9996963317,2016-01-04,2024-12-02,2024-12-30
116,1,0.0000101223,98763,0.999706454,2016-01-04,2024-12-02,2024-12-30
118,1,0.0000101223,98764,0.9997165762,2016-01-04,2024-12-02,2024-12-30
127,1,0.0000101223,98765,0.9997266985,2016-01-04,2024-12-02,2024-12-30
129,1,0.0000101223,98766,0.9997368208,2016-01-04,2024-12-02,2024-12-30
130,1,0.0000101223,98767,0.9997469431,2016-01-04,2024-12-02,2024-12-30
132,2,0.0000202446,98769,0.9997671876,2016-01-04,2024-12-02,2024-12-30
134,1,0.0000101223,98770,0.9997773099,2016-01-04,2024-12-02,2024-12-30
139,1,0.0000101223,98771,0.9997874322,2016-01-04,2024-12-02,2024-12-30
142,1,0.0000101223,98772,0.9997975545,2016-01-04,2024-12-02,2024-12-30
152,1,0.0000101223,98773,0.9998076767,2016-01-04,2024-12-02,2024-12-30
153,2,0.0000202446,98775,0.9998279213,2016-01-04,2024-12-02,2024-12-30
158,1,0.0000101223,98776,0.9998380436,2016-01-04,2024-12-02,2024-12-30
160,1,0.0000101223,98777,0.9998481658,2016-01-04,2024-12-02,2024-12-30
163,1,0.0000101223,98778,0.9998582881,2016-01-04,2024-12-02,2024-12-30
166,1,0.0000101223,98779,0.9998684104,2016-01-04,2024-12-02,2024-12-30
172,1,0.0000101223,98780,0.9998785327,2016-01-04,2024-12-02,2024-12-30
173,1,0.0000101223,98781,0.999888655,2016-01-04,2024-12-02,2024-12-30
174,1,0.0000101223,98782,0.9998987772,2016-01-04,2024-12-02,2024-12-30
181,2,0.0000202446,98784,0.9999190218,2016-01-04,2024-12-02,2024-12-30
186,1,0.0000101223,98785,0.9999291441,2016-01-04,2024-12-02,2024-12-30
189,1,0.0000101223,98786,0.9999392663,2016-01-04,2024-12-02,2024-12-30
200,1,0.0000101223,98787,0.9999493886,2016-01-04,2024-12-02,2024-12-30
213,1,0.0000101223,98788,0.9999595109,2016-01-04,2024-12-02,2024-12-30
222,1,0.0000101223,98789,0.9999696332,2016-01-04,2024-12-02,2024-12-30
224,1,0.0000101223,98790,0.9999797554,2016-01-04,2024-12-02,2024-12-30
229,1,0.0000101223,98791,0.9999898777,2016-01-04,2024-12-02,2024-12-30
240,1,0.0000101223,98792,1,2016-01-04,2024-12-02,2024-12-30
